Workbook
Name Slicer_Class: #N/A
Name Slicer_Term: #N/A

Sheet Results
A1: Student ID | B1: Student Name | C1: Gender | D1: Class | E1: Term | F1: Maths | G1: English | H1: Basic Science | I1: Social Studies | J1: Computer Studies | K1: Civic Education
A2: STU001 | B2: John Danjuma | C2: MALE | D2: JSS1A | E2: First Term | F2: 74 | G2: 69 | H2: 69 | I2: 84 | J2: 91 | K2: 87
A3: STU001 | B3: John Danjuma | C3: male | D3: JSS1A | E3: Second Term | F3: 79 | G3: 88 | H3: 82 | I3: 73 | J3: 80 | K3: 87
A4: STU001 | B4: John Danjuma | C4: Male | D4: JSS1 A | E4: Third Term | F4: 67 | G4: 79 | H4: 63 | I4: 73 | J4: 84 | K4: 67
A5: STU002 | B5: Damilola Danjuma | C5: Female | D5: JSS1A | E5: First Term | F5: 37 | G5: 51 | H5: 37 | I5: 54 | J5: 49 | K5: 55
A6: STU002 | B6: damilola danjuma | C6: FEMALE | D6: JSS1A | E6: Second Term | F6: 41 | G6: 50 | H6: 43 | I6: 53 | J6: 49 | K6: 59
A7: STU002 | B7: Damilola Danjuma | C7: Female | D7: JSS1A | E7: Third Term | F7: 53 | G7: 49 | H7: 46 | I7: 42 | J7: 56 | K7: 48
A8: STU003 | B8: Khadija Johnson | C8: Female | D8: JSS1A | E8: First Term | F8: 56 | G8: 71 | H8: 67 | I8: 78 | J8: 81 | K8: 70
A9: STU003 | B9: Khadija Johnson | C9: female | D9: JSS1A | E9: Second Term | F9: 56 | G9: 74 | H9: 66 | I9: 69 | J9: 74 | K9: 63
A10: STU003 | B10: Khadija Johnson | C10: Female | D10: JSS1A | E10: Third Term | F10: 54 | G10: 65 | H10: 65 | I10: 53 | J10: 58 | K10: 64
A11: STU004 | B11: Favour Yakubu | C11: Female | D11: JSS1A | E11: First Term | F11: 70 | G11: 75 | H11: 81 | I11: 78 | J11: 69 | K11: 86
A12: STU004 | B12: Favour Yakubu | C12: Female | D12: JSS1A | E12: Second Term | F12: 68 | G12: 72 | H12: 64 | I12: 87 | J12: 66 | K12: 71
A13: STU004 | B13: Favour Yakubu | C13: F | D13: jss1a | E13: Third Term | F13: 69 | G13: 85 | H13: 84 | I13: 72 | J13: 79 | K13: 72
A14: STU005 | B14: Emeka Olawale | C14: Male | D14: JSS1A | E14: First Term | F14: 62 | G14: 50 | H14: 58 | I14: 71 | J14: 63 | K14: 77
A15: STU005 | B15: Emeka Olawale | C15: M | D15: JSS1A | E15: Second Term | F15: 50 | G15: 65 | H15: 66 | I15: 64 | J15: 76 | K15: 72
A16: STU005 | B16: Emeka Olawale | C16: male | D16: Jss1A | E16: Third Term | F16: 46 | G16: 91 | H16: 66 | I16: 67 | J16: 57 | K16: 70
A17: STU006 | B17: John Anyanwu | C17: Male | D17: JSS1A | E17: First Term | F17: 65 | G17: 79 | H17: 75 | I17: 91 | J17: 80 | K17: 84
A18: STU006 | B18: John Anyanwu | C18: Male | D18: JSS1A | E18: Second Term | F18: 66 | G18: 68 | H18: 66 | I18: 80 | J18: 79 | K18: 71
A19: STU006 | B19: John Anyanwu | C19: male | D19: JSS1A | E19: Third Term | F19: 50 | H19: 70 | I19: 67 | J19: 80 | K19: 65
A20: STU007 | B20: Zainab Ogunleye | C20: Female | D20: JSS1 A | E20: First Term | F20: 48 | G20: 36 | H20: 47 | I20: 54 | J20: 61 | K20: 71
A21: STU007 | B21: Zainab Ogunleye | C21: F | D21: JSS1A | E21: Second Term | F21: 48 | G21: 64 | H21: 56 | I21: 64 | J21: 55 | K21: 69
A22: STU007 | B22: Zainab Ogunleye | C22: Female | D22: JSS1 A | E22: Third Term | F22: 41 | G22: 58 | H22: 46 | I22: 54 | J22: 48 | K22: 57
A23: STU008 | B23: Obiageli Umar | C23: Female | D23: JSS1A | E23: First Term | F23: 67 | G23: 70 | H23: 59 | I23: 84 | J23: 77 | K23: 84
A24: STU008 | B24: Obiageli Umar | C24: female | D24: JSS1A | E24: Second Term | F24: 68 | G24: 64 | H24: 53 | I24: 65 | J24: 81 | K24: 67
A25: STU008 | B25: Obiageli Umar | C25: Female | D25: JSS1A | E25: Third Term | F25: 67 | G25: 63 | H25: 68 | I25: 57 | J25: 79 | K25: 73
A26: STU009 | B26: Nkechi Adebayo | C26: Female | D26: JSS1A | E26: First Term | F26: 55 | G26: 56 | H26: 59 | I26: 57 | J26: 64 | K26: 50
A27: STU009 | B27: Nkechi Adebayo | C27: Female | D27: JSS1A | E27: Second Term | F27: 40 | G27: 59 | H27: 52 | I27: 55 | J27: 57 | K27: 63
A28: STU009 | B28: Nkechi Adebayo | C28: Female | D28: JSS1A | E28: Third Term | F28: 43 | G28: 56 | H28: 44 | I28: 53 | J28: 64 | K28: 66
A29: STU010 | B29: Olumide Umar | C29: Male | D29: JSS1A | E29: First Term | F29: 44 | G29: 63 | H29: 48 | I29: 66 | J29: 48 | K29: 56
A30: STU010 | B30: Olumide Umar | C30: Male | D30: JSS1A | E30: Second Term | F30: 52 | G30: 60 | H30: 70 | I30: 71 | J30: 77 | K30: 76
A31: STU010 | B31: Olumide Umar | C31: Male | D31: JSS1A | E31: Third Term | F31: 58 | G31: 64 | H31: 71 | I31: 69 | J31: 68 | K31: 62
A32: STU011 | B32: Daniel Onyeka | C32: Male | D32: Jss1A | E32: First Term | F32: 37 | G32: 24 | H32: 39 | I32: 40 | J32: 53 | K32: 46
A33: STU011 | B33: Daniel Onyeka | C33: Male | D33: jss1a | E33: Second Term | F33: 41 | G33: 59 | H33: 40 | I33: 55 | J33: 41 | K33: 56
A34: STU011 | B34: Daniel Onyeka | C34: Male | D34: JSS1A | E34: Third Term | F34: 53 | G34: 62 | I34: 61 | J34: 62 | K34: 62
A35: STU012 | B35: Daniel Kalu | C35: Male | D35: JSS1A | E35: First Term | F35: 63 | G35: 71 | H35: 69 | I35: 64 | J35: 63 | K35: 91
A36: STU012 | B36: Daniel Kalu | C36: Male | D36: JSS1A | E36: Second Term | F36: 79 | G36: 62 | H36: 73 | I36: 79 | J36: 81 | K36: 79
A37: STU012 | B37: Daniel Kalu | C37: Male | D37: JSS1A | E37: Third Term | F37: 63 | G37: 74 | H37: 70 | I37: 79 | J37: 77 | K37: 80
A38: STU013 | B38: Sani Adewale | C38: Male | D38: JSS1A | E38: First Term | F38: 69 | G38: 76 | H38: 58 | I38: 68 | J38: 66 | K38: 82
A39: STU013 | B39: Sani Adewale | C39: Male | D39: JSS1A | E39: Second Term | F39: 61 | G39: 78 | H39: 62 | I39: 71 | J39: 62 | K39: 83
A40: STU013 | B40: sani adewale | C40: M | D40: jss1a | E40: Third Term | F40: 58 | G40: 57 | H40: 61 | I40: 54 | J40: 71 | K40: 74
A41: STU014 | B41: Uchenna Ogundipe | C41: Male | D41: JSS1A | E41: First Term | F41: 52 | G41: 66 | H41: 51 | I41: 64 | J41: 62 | K41: 60
A42: STU014 | B42: Uchenna Ogundipe | C42: Male | D42: JSS1A | E42: Second Term | F42: 34 | G42: 61 | H42: 49 | I42: 57 | J42: 49 | K42: 62
A43: STU014 | B43: Uchenna Ogundipe | C43: Male | D43: JSS1A | E43: Third Term | F43: 48 | G43: 53 | H43: 50 | I43: 63 | J43: 64 | K43: 64
A44: STU015 | B44: David Oladipo | C44: Male | D44: JSS1A | E44: First Term | F44: 71 | G44: 50 | H44: 49 | I44: 50 | J44: 61 | K44: 55
A45: STU015 | B45: David Oladipo | C45: Male | D45: JSS1A | E45: Second Term | F45: 33 | G45: 49 | H45: 56 | I45: 68 | J45: 51 | K45: 59
A46: STU015 | B46: David Oladipo | C46: Male | D46: JSS1A | E46: Third Term | F46: 55 | G46: 56 | H46: 63 | I46: 65 | J46: 68 | K46: 62
... A60: STU020 | B60: abdullah akinola | C60: male | D60: JSS1A | E60: Second Term | F60: 75 | G60: 77 | H60: 81 | I60: 89 | J60: 85 | K60: 88
A61: STU020 | B61: Abdullah Akinola | C61: MALE | D61: JSS1A | E61: Third Term | F61: 79 | G61: 93 | H61: 81 | I61: 90 | J61: 93 | K61: 97
A62: STU021 | B62: John Ajayi | C62: male | D62: JSS1A | E62: First Term | F62: 59 | G62: 59 | H62: 57 | I62: 47 | J62: 63 | K62: 77
A63: STU021 | B63: John Ajayi | C63: M | D63: JSS1 A | E63: Second Term | F63: 42 | G63: 46 | H63: 50 | I63: 64 | J63: 61 | K63: 56
A64: STU021 | B64: John Ajayi | C64: Male | D64: JSS 1A | E64: Third Term | F64: 46 | G64: 60 | H64: 55 | I64: 72 | J64: 64 | K64: 61
A65: STU022 | B65: Precious Bello | C65: Female | D65: Jss1A | E65: First Term | F65: 46 | G65: 46 | H65: 39 | I65: 52 | J65: 55 | K65: 44
A66: STU022 | B66: Precious Bello | C66: Female | D66: JSS1A | E66: Second Term | F66: 46 | G66: 53 | H66: 56 | I66: 57 | J66: 63 | K66: 63
A67: STU022 | B67: Precious Bello | C67: Female | D67: Jss1A | E67: Third Term | F67: 65 | G67: 52 | H67: 73 | I67: 77 | J67: 68 | K67: 74
A68: STU023 | B68: Aminu Kalu | C68: Male | D68: JSS1A | E68: First Term | F68: 56 | G68: 52 | H68: 57 | I68: 66 | J68: 64 | K68: 71
A69: STU023 | B69: Aminu Kalu | C69: Male | D69: JSS1A | E69: Second Term | F69: 52 | G69: 58 | H69: 50 | I69: 58 | J69: 58 | K69: 75
A70: STU023 | B70: Aminu Kalu | C70: Male | D70: JSS1 A | E70: Third Term | F70: 53 | G70: 50 | H70: 58 | I70: 59 | J70: 40 | K70: 67
A71: STU024 | B71: Comfort Okonkwo | C71: Female | D71: JSS1A | E71: First Term | F71: 42 | G71: 63 | H71: 51 | I71: 52 | J71: 67 | K71: 55
A72: STU024 | B72: Comfort Okonkwo | C72: F | D72: JSS1A | E72: Second Term | F72: 60 | G72: 70 | H72: 71 | I72: 77 | J72: 72 | K72: 69
A73: STU024 | B73: Comfort Okonkwo | C73: Female | D73: JSS1A | E73: Third Term | F73: 85 | G73: 74 | H73: 89 | I73: 78 | J73: 90 | K73: 91
A74: STU025 | B74: Adaeze Suleiman | C74: Female | D74: JSS1A | E74: First Term | F74: 45 | G74: 61 | I74: 66 | J74: 61 | K74: 67
A75: STU025 | B75: Adaeze Suleiman | C75: FEMALE | D75: JSS1A | E75: Second Term | F75: 54 | G75: 54 | H75: 67 | I75: 62 | J75: 76 | K75: 73
A76: STU025 | B76: Adaeze Suleiman | C76: FEMALE | D76: JSS1A | E76: Third Term | F76: 55 | G76: 66 | H76: 63 | I76: 64 | J76: 74 | K76: 69
A77: STU026 | B77: Grace Akinola | C77: Female | D77: JSS1A | E77: First Term | F77: 66 | G77: 67 | H77: 52 | I77: 63 | J77: 63 | K77: 56
A78: STU026 | B78: Grace Akinola | C78: Female | D78: JSS 1A | E78: Second Term | F78: 62 | G78: 68 | H78: 66 | I78: 61 | J78: 73 | K78: 66
A79: STU026 | B79: Grace Akinola | C79: Female | D79: JSS1A | E79: Third Term | F79: 63 | G79: 75 | H79: 61 | I79: 55 | J79: 64 | K79: 73
A80: STU027 | B80: Patience Umar | C80: F | D80: JSS1A | E80: First Term | F80: 46 | G80: 35 | H80: 40 | I80: 48 | J80: 50 | K80: 56
A81: STU027 | B81: Patience Umar | C81: Female | D81: JSS1A | E81: Second Term | F81: 31 | G81: 41 | H81: 49 | I81: 50 | J81: 51 | K81: 58
A82: STU027 | B82: Patience Umar | C82: Female | D82: JSS1A | E82: Third Term | F82: 40 | G82: 49 | H82: 41 | I82: 38 | J82: 40 | K82: 51
A83: STU028 | B83: Chioma Agu | C83: F | D83: JSS1A | E83: First Term | F83: 47 | G83: 50 | H83: 55 | I83: 51 | J83: 59 | K83: 60
A84: STU028 | B84: Chioma Agu | C84: Female | D84: JSS1A | E84: Second Term | F84: 47 | G84: 42 | H84: 67 | I84: 64 | J84: 44 | K84: 62
A85: STU028 | B85: Chioma Agu | C85: Female | D85: JSS1A | E85: Third Term | F85: 59 | G85: 61 | H85: 65 | I85: 59 | J85: 68 | K85: 68
A86: STU029 | B86: NGOZI ADEWALE | C86: Female | D86: JSS1A | E86: First Term | F86: 60 | G86: 66 | H86: 66 | I86: 77 | J86: 67 | K86: 70
... A94: STU031 | B94: Stephen Mohammed | C94: Male | D94: JSS1 A | E94: Third Term | F94: 63 | G94: 56 | H94: 68 | I94: 65 | J94: 83 | K94: 63
A95: STU032 | B95: Dare Abubakar | C95: Male | D95: JSS1A | E95: First Term | F95: 56 | G95: 64 | H95: 46 | I95: 70 | J95: 71 | K95: 70
A96: STU032 | B96: Dare Abubakar | C96: Male | D96: JSS1A | E96: Second Term | F96: 47 | G96: 53 | H96: 66 | I96: 75 | J96: 79 | K96: 64
A97: STU032 | B97: Dare Abubakar | C97: Male | D97: JSS1A | E97: Third Term | F97: 52 | G97: 63 | H97: 49 | I97: 64 | J97: 75 | K97: 83
A98: STU033 | B98: Musa Oladipo | C98: Male | D98: JSS1A | E98: First Term | F98: 59 | G98: 74 | H98: 64 | I98: 67 | J98: 66 | K98: 70
A99: STU033 | B99: Musa Oladipo | C99: Male | D99: JSS1A | E99: Second Term | F99: 57 | G99: 64 | H99: 58 | I99: 69 | J99: 69 | K99: 60
A100: STU033 | B100: MUSA OLADIPO | C100: M | D100: JSS1A | E100: Third Term | F100: 59 | G100: 60 | H100: 50 | I100: 73 | J100: 81 | K100: 89
A101: STU034 | B101: Segun Adeyemi | C101: Male | D101: JSS1A | E101: First Term | F101: 76 | G101: 64 | H101: 77 | I101: 81 | J101: 61 | K101: 83
A102: STU034 | B102: Segun Adeyemi | C102: Male | D102: JSS1A | E102: Second Term | F102: 76 | G102: 79 | H102: 78 | I102: 81 | J102: 93 | K102: 81
A103: STU034 | B103: segun adeyemi | C103: Male | D103: JSS1A | E103: Third Term | F103: 78 | G103: 85 | H103: 85 | I103: 76 | J103: 98 | K103: 93
A104: STU035 | B104: Sani Nwankwo | C104: Male | D104: JSS1A | E104: First Term | F104: 81 | G104: 85 | H104: 80 | I104: 84 | J104: 88 | K104: 90
A105: STU035 | B105: Sani Nwankwo | C105: Male | D105: JSS1A | E105: Second Term | F105: 82 | G105: 83 | H105: 77 | I105: 97 | J105: 75 | K105: 77
A106: STU035 | B106: Sani Nwankwo | C106: Male | D106: JSS1A | E106: Third Term | F106: 74 | G106: 76 | H106: 63 | I106: 78 | J106: 76 | K106: 91
A107: STU036 | B107: Kemi Danjuma | C107: Female | D107: JSS1A | E107: First Term | F107: 29 | G107: 47 | H107: 41 | I107: 41 | J107: 44 | K107: 49
A108: STU036 | B108: Kemi Danjuma | C108: Female | D108: JSS1A | E108: Second Term | F108: 18 | G108: 42 | H108: 35 | I108: 55 | J108: 39 | K108: 54
A109: STU036 | B109: Kemi Danjuma | C109: Female | D109: JSS1 A | E109: Third Term | F109: 17 | G109: 46 | H109: 40 | I109: 41 | J109: 43 | K109: 44
A110: STU037 | B110: Grace Oladipo | C110: Female | D110: JSS1A | E110: First Term | F110: 56 | G110: 58 | H110: 44 | I110: 61 | J110: 79 | K110: 65
A111: STU037 | B111: Grace Oladipo | C111: Female | D111: JSS1A | E111: Second Term | F111: 60 | G111: 61 | H111: 63 | I111: 68 | J111: 66 | K111: 76
A112: STU037 | B112: Grace Oladipo | C112: F | D112: JSS1A | E112: Third Term | F112: 57 | G112: 68 | H112: 71 | I112: 70 | J112: 64 | K112: 79
A113: STU038 | B113: Damilola Aliyu | C113: Female | D113: JSS 1A | E113: First Term | F113: 48 | G113: 58 | H113: 53 | I113: 63 | J113: 62 | K113: 63
A114: STU038 | B114: Damilola Aliyu | C114: Female | D114: JSS1A | E114: Second Term | F114: 54 | G114: 68 | H114: 51 | I114: 62 | J114: 57 | K114: 62
... A123: STU041 | B123: Seun Okafor | C123: M | D123: JSS1B | E123: Second Term | F123: 65 | G123: 52 | H123: 58 | I123: 72 | J123: 67 | K123: 57
A124: STU041 | B124: Seun Okafor | C124: Male | D124: JSS1B | E124: Third Term | F124: 48 | G124: 53 | H124: 49 | I124: 56 | J124: 63 | K124: 59
A125: STU042 | B125: Aminu Adeyemi | C125: Male | D125: JSS1B | E125: First Term | F125: 59 | G125: 60 | H125: 54 | I125: 68 | J125: 65 | K125: 67
A126: STU042 | B126: Aminu Adeyemi | C126: Male | D126: JSS1B | E126: Second Term | F126: 64 | G126: 67 | H126: 60 | I126: 72 | J126: 69 | K126: 89
A127: STU042 | B127: Aminu Adeyemi | C127: Male | D127: JSS1B | E127: Third Term | F127: 68 | G127: 74 | H127: 73 | I127: 70 | J127: 79 | K127: 72
A128: STU043 | B128: Omolara Obi | C128: Female | D128: JSS1B | E128: First Term | F128: 48 | G128: 55 | H128: 61 | I128: 51 | J128: 65 | K128: 60
...

Sheet Cleaned Data
A1: Student ID | B1: Student Name | C1: Gender | D1: Class | E1: Term | F1: Maths | G1: English | H1: Basic Science | I1: Social Studies | J1: Computer Studies | K1: Civic Education | L1: Total | M1: Average | N1: Grade | O1: Class Rank
A2: STU001 | B2: John Danjuma | C2: Male | D2: JSS1A | E2: First Term | F2: 74 | G2: 69 | H2: 69 | I2: 84 | J2: 91 | K2: 87 | L2: =SUM(F2:K2) -> 474 | M2: =AVERAGE(F2:K2) -> 79 | N2: {=_xlfn.IFS(M2>=70,"A",M2>=60,"B",M2>=50,"C",M2>=45,"D",M2>=40,"E",TRUE,"F")} -> A | O2: =COUNTIFS($D$2:$D$721,D2,$E$2:$E$721,E2,$M$2:$M$721,">"&M2)+1 -> 2
A3: STU001 | B3: John Danjuma | C3: Male | D3: JSS1A | E3: Second Term | F3: 79 | G3: 88 | H3: 82 | I3: 73 | J3: 80 | K3: 87 | L3: =SUM(F3:K3) -> 489 | M3: =AVERAGE(F3:K3) -> 81.5 | N3: {=_xlfn.IFS(M3>=70,"A",M3>=60,"B",M3>=50,"C",M3>=45,"D",M3>=40,"E",TRUE,"F")} -> A | O3: =COUNTIFS($D$2:$D$721,D3,$E$2:$E$721,E3,$M$2:$M$721,">"&M3)+1 -> 3 | Q3: STUDENT NAME | R3: CLASS | S3: AVERAGE | U3: STUDENT NAME | V3: CLASS | W3: AVERAGE
A4: STU001 | B4: John Danjuma | C4: Male | D4: JSS1A | E4: Third Term | F4: 67 | G4: 79 | H4: 63 | I4: 73 | J4: 84 | K4: 67 | L4: =SUM(F4:K4) -> 433 | M4: =AVERAGE(F4:K4) -> 72.166667 | N4: {=_xlfn.IFS(M4>=70,"A",M4>=60,"B",M4>=50,"C",M4>=45,"D",M4>=40,"E",TRUE,"F")} -> A | O4: =COUNTIFS($D$2:$D$721,D4,$E$2:$E$721,E4,$M$2:$M$721,">"&M4)+1 -> 8 | Q4: {=INDEX($B$2:$B$721,MATCH(1,($E$2:$E$721="Third Term")*($M$2:$M$721=S4)*(COUNTIF($Q$3:Q3,$B$2:$B$721)=0),0))} -> Sade Umar | R4: {=INDEX($D$2:$D$721,MATCH(1,($B$2:$B$721=Q4)*($M$2:$M$721=S4)*($E$2:$E$721="Third Term"),0))} -> JSS2B | S4: {=LARGE(_xlfn._xlws.FILTER($M$2:$M$721,$E$2:$E$721="Third Term"), ROWS($S$4:S4))} -> 96.666667 | U4: Abdullah Akinola | V4: Third Term | W4: 88.8
A5: STU002 | B5: Damilola Danjuma | C5: Female | D5: JSS1A | E5: First Term | F5: 37 | G5: 51 | H5: 37 | I5: 54 | J5: 49 | K5: 55 | L5: =SUM(F5:K5) -> 283 | M5: =AVERAGE(F5:K5) -> 47.166667 | N5: {=_xlfn.IFS(M5>=70,"A",M5>=60,"B",M5>=50,"C",M5>=45,"D",M5>=40,"E",TRUE,"F")} -> D | O5: =COUNTIFS($D$2:$D$721,D5,$E$2:$E$721,E5,$M$2:$M$721,">"&M5)+1 -> 35 | Q5: {=INDEX($B$2:$B$721,MATCH(1,($E$2:$E$721="Third Term")*($M$2:$M$721=S5)*(COUNTIF($Q$3:Q4,$B$2:$B$721)=0),0))} -> Dare Musa | R5: {=INDEX($D$2:$D$721,MATCH(1,($B$2:$B$721=Q5)*($M$2:$M$721=S5)*($E$2:$E$721="Third Term"),0))} -> JSS2B | S5: {=LARGE(_xlfn._xlws.FILTER($M$2:$M$721,$E$2:$E$721="Third Term"), ROWS($S$4:S5))} -> 93.5 | U5: Segun Adeyemi | V5: Third Term | W5: 85.833333
A6: STU002 | B6: Damilola Danjuma | C6: Female | D6: JSS1A | E6: Second Term | F6: 41 | G6: 50 | H6: 43 | I6: 53 | J6: 49 | K6: 59 | L6: =SUM(F6:K6) -> 295 | M6: =AVERAGE(F6:K6) -> 49.166667 | N6: {=_xlfn.IFS(M6>=70,"A",M6>=60,"B",M6>=50,"C",M6>=45,"D",M6>=40,"E",TRUE,"F")} -> D | O6: =COUNTIFS($D$2:$D$721,D6,$E$2:$E$721,E6,$M$2:$M$721,">"&M6)+1 -> 34 | Q6: {=INDEX($B$2:$B$721,MATCH(1,($E$2:$E$721="Third Term")*($M$2:$M$721=S6)*(COUNTIF($Q$3:Q5,$B$2:$B$721)=0),0))} -> Nnamdi Ibrahim | R6: {=INDEX($D$2:$D$721,MATCH(1,($B$2:$B$721=Q6)*($M$2:$M$721=S6)*($E$2:$E$721="Third Term"),0))} -> JSS1B | S6: {=LARGE(_xlfn._xlws.FILTER($M$2:$M$721,$E$2:$E$721="Third Term"), ROWS($S$4:S6))} -> 91.5 | U6: Comfort Okonkwo | V6: Third Term | W6: 84.5
A7: STU002 | B7: Damilola Danjuma | C7: Female | D7: JSS1A | E7: Third Term | F7: 53 | G7: 49 | H7: 46 | I7: 42 | J7: 56 | K7: 48 | L7: =SUM(F7:K7) -> 294 | M7: =AVERAGE(F7:K7) -> 49 | N7: {=_xlfn.IFS(M7>=70,"A",M7>=60,"B",M7>=50,"C",M7>=45,"D",M7>=40,"E",TRUE,"F")} -> D | O7: =COUNTIFS($D$2:$D$721,D7,$E$2:$E$721,E7,$M$2:$M$721,">"&M7)+1 -> 37 | Q7: {=INDEX($B$2:$B$721,MATCH(1,($E$2:$E$721="Third Term")*($M$2:$M$721=S7)*(COUNTIF($Q$3:Q6,$B$2:$B$721)=0),0))} -> Yetunde Adebayo | R7: {=INDEX($D$2:$D$721,MATCH(1,($B$2:$B$721=Q7)*($M$2:$M$721=S7)*($E$2:$E$721="Third Term"),0))} -> JSS2A | S7: {=LARGE(_xlfn._xlws.FILTER($M$2:$M$721,$E$2:$E$721="Third Term"), ROWS($S$4:S7))} -> 91
A8: STU003 | B8: Khadija Johnson | C8: Female | D8: JSS1A | E8: First Term | F8: 56 | G8: 71 | H8: 67 | I8: 78 | J8: 81 | K8: 70 | L8: =SUM(F8:K8) -> 423 | M8: =AVERAGE(F8:K8) -> 70.5 | N8: {=_xlfn.IFS(M8>=70,"A",M8>=60,"B",M8>=50,"C",M8>=45,"D",M8>=40,"E",TRUE,"F")} -> A | O8: =COUNTIFS($D$2:$D$721,D8,$E$2:$E$721,E8,$M$2:$M$721,">"&M8)+1 -> 8 | Q8: {=INDEX($B$2:$B$721,MATCH(1,($E$2:$E$721="Third Term")*($M$2:$M$721=S8)*(COUNTIF($Q$3:Q7,$B$2:$B$721)=0),0))} -> Michael Amadi | R8: {=INDEX($D$2:$D$721,MATCH(1,($B$2:$B$721=Q8)*($M$2:$M$721=S8)*($E$2:$E$721="Third Term"),0))} -> JSS2A | S8: {=LARGE(_xlfn._xlws.FILTER($M$2:$M$721,$E$2:$E$721="Third Term"), ROWS($S$4:S8))} -> 90.333333
A9: STU003 | B9: Khadija Johnson | C9: Female | D9: JSS1A | E9: Second Term | F9: 56 | G9: 74 | H9: 66 | I9: 69 | J9: 74 | K9: 63 | L9: =SUM(F9:K9) -> 402 | M9: =AVERAGE(F9:K9) -> 67 | N9: {=_xlfn.IFS(M9>=70,"A",M9>=60,"B",M9>=50,"C",M9>=45,"D",M9>=40,"E",TRUE,"F")} -> B | O9: =COUNTIFS($D$2:$D$721,D9,$E$2:$E$721,E9,$M$2:$M$721,">"&M9)+1 -> 13 | Q9: {=INDEX($B$2:$B$721,MATCH(1,($E$2:$E$721="Third Term")*($M$2:$M$721=S9)*(COUNTIF($Q$3:Q8,$B$2:$B$721)=0),0))} -> Tolu Williams | R9: {=INDEX($D$2:$D$721,MATCH(1,($B$2:$B$721=Q9)*($M$2:$M$721=S9)*($E$2:$E$721="Third Term"),0))} -> JSS3B | S9: {=LARGE(_xlfn._xlws.FILTER($M$2:$M$721,$E$2:$E$721="Third Term"), ROWS($S$4:S9))} -> 89.5
A10: STU003 | B10: Khadija Johnson | C10: Female | D10: JSS1A | E10: Third Term | F10: 54 | G10: 65 | H10: 65 | I10: 53 | J10: 58 | K10: 64 | L10: =SUM(F10:K10) -> 359 | M10: =AVERAGE(F10:K10) -> 59.833333 | N10: {=_xlfn.IFS(M10>=70,"A",M10>=60,"B",M10>=50,"C",M10>=45,"D",M10>=40,"E",TRUE,"F")} -> C | O10: =COUNTIFS($D$2:$D$721,D10,$E$2:$E$721,E10,$M$2:$M$721,">"&M10)+1 -> 26 | Q10: {=INDEX($B$2:$B$721,MATCH(1,($E$2:$E$721="Third Term")*($M$2:$M$721=S10)*(COUNTIF($Q$3:Q9,$B$2:$B$721)=0),0))} -> Daniel Oyewole | R10: {=INDEX($D$2:$D$721,MATCH(1,($B$2:$B$721=Q10)*($M$2:$M$721=S10)*($E$2:$E$721="Third Term"),0))} -> JSS3B | S10: {=LARGE(_xlfn._xlws.FILTER($M$2:$M$721,$E$2:$E$721="Third Term"), ROWS($S$4:S10))} -> 89.333333
A11: STU004 | B11: Favour Yakubu | C11: Female | D11: JSS1A | E11: First Term | F11: 70 | G11: 75 | H11: 81 | I11: 78 | J11: 69 | K11: 86 | L11: =SUM(F11:K11) -> 459 | M11: =AVERAGE(F11:K11) -> 76.5 | N11: {=_xlfn.IFS(M11>=70,"A",M11>=60,"B",M11>=50,"C",M11>=45,"D",M11>=40,"E",TRUE,"F")} -> A | O11: =COUNTIFS($D$2:$D$721,D11,$E$2:$E$721,E11,$M$2:$M$721,">"&M11)+1 -> 4 | Q11: {=INDEX($B$2:$B$721,MATCH(1,($E$2:$E$721="Third Term")*($M$2:$M$721=S11)*(COUNTIF($Q$3:Q10,$B$2:$B$721)=0),0))} -> Abdullah Akinola | R11: {=INDEX($D$2:$D$721,MATCH(1,($B$2:$B$721=Q11)*($M$2:$M$721=S11)*($E$2:$E$721="Third Term"),0))} -> JSS1A | S11: {=LARGE(_xlfn._xlws.FILTER($M$2:$M$721,$E$2:$E$721="Third Term"), ROWS($S$4:S11))} -> 88.833333 | U11: STUDENT NAME | V11: CLASS | W11: AVERAGE
A12: STU004 | B12: Favour Yakubu | C12: Female | D12: JSS1A | E12: Second Term | F12: 68 | G12: 72 | H12: 64 | I12: 87 | J12: 66 | K12: 71 | L12: =SUM(F12:K12) -> 428 | M12: =AVERAGE(F12:K12) -> 71.333333 | N12: {=_xlfn.IFS(M12>=70,"A",M12>=60,"B",M12>=50,"C",M12>=45,"D",M12>=40,"E",TRUE,"F")} -> A | O12: =COUNTIFS($D$2:$D$721,D12,$E$2:$E$721,E12,$M$2:$M$721,">"&M12)+1 -> 8 | Q12: {=INDEX($B$2:$B$721,MATCH(1,($E$2:$E$721="Third Term")*($M$2:$M$721=S12)*(COUNTIF($Q$3:Q11,$B$2:$B$721)=0),0))} -> Peter Nwankwo | R12: {=INDEX($D$2:$D$721,MATCH(1,($B$2:$B$721=Q12)*($M$2:$M$721=S12)*($E$2:$E$721="Third Term"),0))} -> JSS2A | S12: {=LARGE(_xlfn._xlws.FILTER($M$2:$M$721,$E$2:$E$721="Third Term"), ROWS($S$4:S12))} -> 88.666667 | U12: Nmamdi Ibrahim | V12: Third Term | W12: 91.5
A13: STU004 | B13: Favour Yakubu | C13: Female | D13: JSS1A | E13: Third Term | F13: 69 | G13: 85 | H13: 84 | I13: 72 | J13: 79 | K13: 72 | L13: =SUM(F13:K13) -> 461 | M13: =AVERAGE(F13:K13) -> 76.833333 | N13: {=_xlfn.IFS(M13>=70,"A",M13>=60,"B",M13>=50,"C",M13>=45,"D",M13>=40,"E",TRUE,"F")} -> A | O13: =COUNTIFS($D$2:$D$721,D13,$E$2:$E$721,E13,$M$2:$M$721,">"&M13)+1 -> 4 | Q13: {=INDEX($B$2:$B$721,MATCH(1,($E$2:$E$721="Third Term")*($M$2:$M$721=S13)*(COUNTIF($Q$3:Q12,$B$2:$B$721)=0),0))} -> Ifeoma Lawal | R13: {=INDEX($D$2:$D$721,MATCH(1,($B$2:$B$721=Q13)*($M$2:$M$721=S13)*($E$2:$E$721="Third Term"),0))} -> JSS3A | S13: {=LARGE(_xlfn._xlws.FILTER($M$2:$M$721,$E$2:$E$721="Third Term"), ROWS($S$4:S13))} -> 88.666667 | U13: Emeka Mohammed | V13: Third Term | W13: 84.2
A14: STU005 | B14: Emeka Olawale | C14: Male | D14: JSS1A | E14: First Term | F14: 62 | G14: 50 | H14: 58 | I14: 71 | J14: 63 | K14: 77 | L14: =SUM(F14:K14) -> 381 | M14: =AVERAGE(F14:K14) -> 63.5 | N14: {=_xlfn.IFS(M14>=70,"A",M14>=60,"B",M14>=50,"C",M14>=45,"D",M14>=40,"E",TRUE,"F")} -> B | O14: =COUNTIFS($D$2:$D$721,D14,$E$2:$E$721,E14,$M$2:$M$721,">"&M14)+1 -> 13 | U14: Adaeze Bakare | V14: Third Term | W14: 82.5
A15: STU005 | B15: Emeka Olawale | C15: Male | D15: JSS1A | E15: Second Term | F15: 50 | G15: 65 | H15: 66 | I15: 64 | J15: 76 | K15: 72 | L15: =SUM(F15:K15) -> 393 | M15: =AVERAGE(F15:K15) -> 65.5 | N15: {=_xlfn.IFS(M15>=70,"A",M15>=60,"B",M15>=50,"C",M15>=45,"D",M15>=40,"E",TRUE,"F")} -> B | O15: =COUNTIFS($D$2:$D$721,D15,$E$2:$E$721,E15,$M$2:$M$721,">"&M15)+1 -> 17
A16: STU005 | B16: Emeka Olawale | C16: Male | D16: JSS1A | E16: Third Term | F16: 46 | G16: 91 | H16: 66 | I16: 67 | J16: 57 | K16: 70 | L16: =SUM(F16:K16) -> 397 | M16: =AVERAGE(F16:K16) -> 66.166667 | N16: {=_xlfn.IFS(M16>=70,"A",M16>=60,"B",M16>=50,"C",M16>=45,"D",M16>=40,"E",TRUE,"F")} -> B | O16: =COUNTIFS($D$2:$D$721,D16,$E$2:$E$721,E16,$M$2:$M$721,">"&M16)+1 -> 17
A17: STU006 | B17: John Anyanwu | C17: Male | D17: JSS1A | E17: First Term | F17: 65 | G17: 79 | H17: 75 | I17: 91 | J17: 80 | K17: 84 | L17: =SUM(F17:K17) -> 474 | M17: =AVERAGE(F17:K17) -> 79 | N17: {=_xlfn.IFS(M17>=70,"A",M17>=60,"B",M17>=50,"C",M17>=45,"D",M17>=40,"E",TRUE,"F")} -> A | O17: =COUNTIFS($D$2:$D$721,D17,$E$2:$E$721,E17,$M$2:$M$721,">"&M17)+1 -> 2
A18: STU006 | B18: John Anyanwu | C18: Male | D18: JSS1A | E18: Second Term | F18: 66 | G18: 68 | H18: 66 | I18: 80 | J18: 79 | K18: 71 | L18: =SUM(F18:K18) -> 430 | M18: =AVERAGE(F18:K18) -> 71.666667 | N18: {=_xlfn.IFS(M18>=70,"A",M18>=60,"B",M18>=50,"C",M18>=45,"D",M18>=40,"E",TRUE,"F")} -> A | O18: =COUNTIFS($D$2:$D$721,D18,$E$2:$E$721,E18,$M$2:$M$721,">"&M18)+1 -> 7
A19: STU006 | B19: John Anyanwu | C19: Male | D19: JSS1A | E19: Third Term | F19: 50 | H19: 70 | I19: 67 | J19: 80 | K19: 65 | L19: =SUM(F19:K19) -> 332 | M19: =AVERAGE(F19:K19) -> 66.4 | N19: {=_xlfn.IFS(M19>=70,"A",M19>=60,"B",M19>=50,"C",M19>=45,"D",M19>=40,"E",TRUE,"F")} -> B | O19: =COUNTIFS($D$2:$D$721,D19,$E$2:$E$721,E19,$M$2:$M$721,">"&M19)+1 -> 15 | Q19: STUDENT NAME | R19: CLASS | S19: AVERAGE | U19: STUDENT NAME | V19: CLASS | W19: AVERAGE
A20: STU007 | B20: Zainab Ogunleye | C20: Female | D20: JSS1A | E20: First Term | F20: 48 | G20: 36 | H20: 47 | I20: 54 | J20: 61 | K20: 71 | L20: =SUM(F20:K20) -> 317 | M20: =AVERAGE(F20:K20) -> 52.833333 | N20: {=_xlfn.IFS(M20>=70,"A",M20>=60,"B",M20>=50,"C",M20>=45,"D",M20>=40,"E",TRUE,"F")} -> C | O20: =COUNTIFS($D$2:$D$721,D20,$E$2:$E$721,E20,$M$2:$M$721,">"&M20)+1 -> 29 | Q20: Yetunde Adebayo | R20: Third Term | S20: 91 | U20: Ifeoma Lawal | V20: Third Term | W20: 88.7
A21: STU007 | B21: Zainab Ogunleye | C21: Female | D21: JSS1A | E21: Second Term | F21: 48 | G21: 64 | H21: 56 | I21: 64 | J21: 55 | K21: 69 | L21: =SUM(F21:K21) -> 356 | M21: =AVERAGE(F21:K21) -> 59.333333 | N21: {=_xlfn.IFS(M21>=70,"A",M21>=60,"B",M21>=50,"C",M21>=45,"D",M21>=40,"E",TRUE,"F")} -> C | O21: =COUNTIFS($D$2:$D$721,D21,$E$2:$E$721,E21,$M$2:$M$721,">"&M21)+1 -> 23 | Q21: Micheal Amadi | R21: Third Term | S21: 90.3 | U21: Peter Uzor | V21: Third Term | W21: 85.2
A22: STU007 | B22: Zainab Ogunleye | C22: Female | D22: JSS1A | E22: Third Term | F22: 41 | G22: 58 | H22: 46 | I22: 54 | J22: 48 | K22: 57 | L22: =SUM(F22:K22) -> 304 | M22: =AVERAGE(F22:K22) -> 50.666667 | N22: {=_xlfn.IFS(M22>=70,"A",M22>=60,"B",M22>=50,"C",M22>=45,"D",M22>=40,"E",TRUE,"F")} -> C | O22: =COUNTIFS($D$2:$D$721,D22,$E$2:$E$721,E22,$M$2:$M$721,">"&M22)+1 -> 35 | Q22: Peter Nwankwo | R22: Third Term | S22: 88.7 | U22: Tolu Mohammed | V22: Third Term | W22: 82
A23: STU008 | B23: Obiageli Umar | C23: Female | D23: JSS1A | E23: First Term | F23: 67 | G23: 70 | H23: 59 | I23: 84 | J23: 77 | K23: 84 | L23: =SUM(F23:K23) -> 441 | M23: =AVERAGE(F23:K23) -> 73.5 | N23: {=_xlfn.IFS(M23>=70,"A",M23>=60,"B",M23>=50,"C",M23>=45,"D",M23>=40,"E",TRUE,"F")} -> A | O23: =COUNTIFS($D$2:$D$721,D23,$E$2:$E$721,E23,$M$2:$M$721,">"&M23)+1 -> 7
A24: STU008 | B24: Obiageli Umar | C24: Female | D24: JSS1A | E24: Second Term | F24: 68 | G24: 64 | H24: 53 | I24: 65 | J24: 81 | K24: 67 | L24: =SUM(F24:K24) -> 398 | M24: =AVERAGE(F24:K24) -> 66.333333 | N24: {=_xlfn.IFS(M24>=70,"A",M24>=60,"B",M24>=50,"C",M24>=45,"D",M24>=40,"E",TRUE,"F")} -> B | O24: =COUNTIFS($D$2:$D$721,D24,$E$2:$E$721,E24,$M$2:$M$721,">"&M24)+1 -> 14
A25: STU008 | B25: Obiageli Umar | C25: Female | D25: JSS1A | E25: Third Term | F25: 67 | G25: 63 | H25: 68 | I25: 57 | J25: 79 | K25: 73 | L25: =SUM(F25:K25) -> 407 | M25: =AVERAGE(F25:K25) -> 67.833333 | N25: {=_xlfn.IFS(M25>=70,"A",M25>=60,"B",M25>=50,"C",M25>=45,"D",M25>=40,"E",TRUE,"F")} -> B | O25: =COUNTIFS($D$2:$D$721,D25,$E$2:$E$721,E25,$M$2:$M$721,">"&M25)+1 -> 14
A26: STU009 | B26: Nkechi Adebayo | C26: Female | D26: JSS1A | E26: First Term | F26: 55 | G26: 56 | H26: 59 | I26: 57 | J26: 64 | K26: 50 | L26: =SUM(F26:K26) -> 341 | M26: =AVERAGE(F26:K26) -> 56.833333 | N26: {=_xlfn.IFS(M26>=70,"A",M26>=60,"B",M26>=50,"C",M26>=45,"D",M26>=40,"E",TRUE,"F")} -> C | O26: =COUNTIFS($D$2:$D$721,D26,$E$2:$E$721,E26,$M$2:$M$721,">"&M26)+1 -> 24
A27: STU009 | B27: Nkechi Adebayo | C27: Female | D27: JSS1A | E27: Second Term | F27: 40 | G27: 59 | H27: 52 | I27: 55 | J27: 57 | K27: 63 | L27: =SUM(F27:K27) -> 326 | M27: =AVERAGE(F27:K27) -> 54.333333 | N27: {=_xlfn.IFS(M27>=70,"A",M27>=60,"B",M27>=50,"C",M27>=45,"D",M27>=40,"E",TRUE,"F")} -> C | O27: =COUNTIFS($D$2:$D$721,D27,$E$2:$E$721,E27,$M$2:$M$721,">"&M27)+1 -> 28
A28: STU009 | B28: Nkechi Adebayo | C28: Female | D28: JSS1A | E28: Third Term | F28: 43 | G28: 56 | H28: 44 | I28: 53 | J28: 64 | K28: 66 | L28: =SUM(F28:K28) -> 326 | M28: =AVERAGE(F28:K28) -> 54.333333 | N28: {=_xlfn.IFS(M28>=70,"A",M28>=60,"B",M28>=50,"C",M28>=45,"D",M28>=40,"E",TRUE,"F")} -> C | O28: =COUNTIFS($D$2:$D$721,D28,$E$2:$E$721,E28,$M$2:$M$721,">"&M28)+1 -> 31 | Q28: STUDENT NAME | R28: CLASS | S28: AVERAGE | U28: STUDENT NAME | V28: CLASS | W28: AVERAGE
A29: STU010 | B29: Olumide Umar | C29: Male | D29: JSS1A | E29: First Term | F29: 44 | G29: 63 | H29: 48 | I29: 66 | J29: 48 | K29: 56 | L29: =SUM(F29:K29) -> 325 | M29: =AVERAGE(F29:K29) -> 54.166667 | N29: {=_xlfn.IFS(M29>=70,"A",M29>=60,"B",M29>=50,"C",M29>=45,"D",M29>=40,"E",TRUE,"F")} -> C | O29: =COUNTIFS($D$2:$D$721,D29,$E$2:$E$721,E29,$M$2:$M$721,">"&M29)+1 -> 27 | Q29: Sade Umar | R29: Third Term | S29: 96.7 | U29: Tolu Williams | V29: Third Term | W29: 89.5
A30: STU010 | B30: Olumide Umar | C30: Male | D30: JSS1A | E30: Second Term | F30: 52 | G30: 60 | H30: 70 | I30: 71 | J30: 77 | K30: 76 | L30: =SUM(F30:K30) -> 406 | M30: =AVERAGE(F30:K30) -> 67.666667 | N30: {=_xlfn.IFS(M30>=70,"A",M30>=60,"B",M30>=50,"C",M30>=45,"D",M30>=40,"E",TRUE,"F")} -> B | O30: =COUNTIFS($D$2:$D$721,D30,$E$2:$E$721,E30,$M$2:$M$721,">"&M30)+1 -> 11 | Q30: Dare Musa | R30: Third Term | S30: 93.5 | U30: Daniel Oyewole | V30: Third Term | W30: 89.3
A31: STU010 | B31: Olumide Umar | C31: Male | D31: JSS1A | E31: Third Term | F31: 58 | G31: 64 | H31: 71 | I31: 69 | J31: 68 | K31: 62 | L31: =SUM(F31:K31) -> 392 | M31: =AVERAGE(F31:K31) -> 65.333333 | N31: {=_xlfn.IFS(M31>=70,"A",M31>=60,"B",M31>=50,"C",M31>=45,"D",M31>=40,"E",TRUE,"F")} -> B | O31: =COUNTIFS($D$2:$D$721,D31,$E$2:$E$721,E31,$M$2:$M$721,">"&M31)+1 -> 18 | Q31: Uchenna Nwosu | R31: Third Term | S31: 84 | U31: Daniel Nnadi | V31: Third Term | W31: 86
A32: STU011 | B32: Daniel Onyeka | C32: Male | D32: JSS1A | E32: First Term | F32: 37 | G32: 24 | H32: 39 | I32: 40 | J32: 53 | K32: 46 | L32: =SUM(F32:K32) -> 239 | M32: =AVERAGE(F32:K32) -> 39.833333 | N32: {=_xlfn.IFS(M32>=70,"A",M32>=60,"B",M32>=50,"C",M32>=45,"D",M32>=40,"E",TRUE,"F")} -> F | O32: =COUNTIFS($D$2:$D$721,D32,$E$2:$E$721,E32,$M$2:$M$721,">"&M32)+1 -> 40
A33: STU011 | B33: Daniel Onyeka | C33: Male | D33: JSS1A | E33: Second Term | F33: 41 | G33: 59 | H33: 40 | I33: 55 | J33: 41 | K33: 56 | L33: =SUM(F33:K33) -> 292 | M33: =AVERAGE(F33:K33) -> 48.666667 | N33: {=_xlfn.IFS(M33>=70,"A",M33>=60,"B",M33>=50,"C",M33>=45,"D",M33>=40,"E",TRUE,"F")} -> D | O33: =COUNTIFS($D$2:$D$721,D33,$E$2:$E$721,E33,$M$2:$M$721,">"&M33)+1 -> 35
A34: STU011 | B34: Daniel Onyeka | C34: Male | D34: JSS1A | E34: Third Term | F34: 53 | G34: 62 | I34: 61 | J34: 62 | K34: 62 | L34: =SUM(F34:K34) -> 300 | M34: =AVERAGE(F34:K34) -> 60 | N34: {=_xlfn.IFS(M34>=70,"A",M34>=60,"B",M34>=50,"C",M34>=45,"D",M34>=40,"E",TRUE,"F")} -> B | O34: =COUNTIFS($D$2:$D$721,D34,$E$2:$E$721,E34,$M$2:$M$721,">"&M34)+1 -> 25
A35: STU012 | B35: Daniel Kalu | C35: Male | D35: JSS1A | E35: Third Term | F35: 63 | G35: 74 | H35: 70 | I35: 79 | J35: 77 | K35: 80 | L35: =SUM(F35:K35) -> 443 | M35: =AVERAGE(F35:K35) -> 73.833333 | N35: {=_xlfn.IFS(M35>=70,"A",M35>=60,"B",M35>=50,"C",M35>=45,"D",M35>=40,"E",TRUE,"F")} -> A | O35: =COUNTIFS($D$2:$D$721,D35,$E$2:$E$721,E35,$M$2:$M$721,">"&M35)+1 -> 6
A36: STU012 | B36: Daniel Kalu | C36: Male | D36: JSS1A | E36: First Term | F36: 63 | G36: 71 | H36: 69 | I36: 64 | J36: 63 | K36: 91 | L36: =SUM(F36:K36) -> 421 | M36: =AVERAGE(F36:K36) -> 70.166667 | N36: {=_xlfn.IFS(M36>=70,"A",M36>=60,"B",M36>=50,"C",M36>=45,"D",M36>=40,"E",TRUE,"F")} -> A | O36: =COUNTIFS($D$2:$D$721,D36,$E$2:$E$721,E36,$M$2:$M$721,">"&M36)+1 -> 9
A37: STU012 | B37: Daniel Kalu | C37: Male | D37: JSS1A | E37: Second Term | F37: 79 | G37: 62 | H37: 73 | I37: 79 | J37: 81 | K37: 79 | L37: =SUM(F37:K37) -> 453 | M37: =AVERAGE(F37:K37) -> 75.5 | N37: {=_xlfn.IFS(M37>=70,"A",M37>=60,"B",M37>=50,"C",M37>=45,"D",M37>=40,"E",TRUE,"F")} -> A | O37: =COUNTIFS($D$2:$D$721,D37,$E$2:$E$721,E37,$M$2:$M$721,">"&M37)+1 -> 6
A38: STU013 | B38: Sani Adewale | C38: Male | D38: JSS1A | E38: First Term | F38: 69 | G38: 76 | H38: 58 | I38: 68 | J38: 66 | K38: 82 | L38: =SUM(F38:K38) -> 419 | M38: =AVERAGE(F38:K38) -> 69.833333 | N38: {=_xlfn.IFS(M38>=70,"A",M38>=60,"B",M38>=50,"C",M38>=45,"D",M38>=40,"E",TRUE,"F")} -> B | O38: =COUNTIFS($D$2:$D$721,D38,$E$2:$E$721,E38,$M$2:$M$721,">"&M38)+1 -> 10
A39: STU013 | B39: Sani Adewale | C39: Male | D39: JSS1A | E39: Second Term | F39: 61 | G39: 78 | H39: 62 | I39: 71 | J39: 62 | K39: 83 | L39: =SUM(F39:K39) -> 417 | M39: =AVERAGE(F39:K39) -> 69.5 | N39: {=_xlfn.IFS(M39>=70,"A",M39>=60,"B",M39>=50,"C",M39>=45,"D",M39>=40,"E",TRUE,"F")} -> B | O39: =COUNTIFS($D$2:$D$721,D39,$E$2:$E$721,E39,$M$2:$M$721,">"&M39)+1 -> 10
A40: STU013 | B40: Sani Adewale | C40: Male | D40: JSS1A | E40: Third Term | F40: 58 | G40: 57 | H40: 61 | I40: 54 | J40: 71 | K40: 74 | L40: =SUM(F40:K40) -> 375 | M40: =AVERAGE(F40:K40) -> 62.5 | N40: {=_xlfn.IFS(M40>=70,"A",M40>=60,"B",M40>=50,"C",M40>=45,"D",M40>=40,"E",TRUE,"F")} -> B | O40: =COUNTIFS($D$2:$D$721,D40,$E$2:$E$721,E40,$M$2:$M$721,">"&M40)+1 -> 23
A41: STU014 | B41: Uchenna Ogundipe | C41: Male | D41: JSS1A | E41: First Term | F41: 52 | G41: 66 | H41: 51 | I41: 64 | J41: 62 | K41: 60 | L41: =SUM(F41:K41) -> 355 | M41: =AVERAGE(F41:K41) -> 59.166667 | N41: {=_xlfn.IFS(M41>=70,"A",M41>=60,"B",M41>=50,"C",M41>=45,"D",M41>=40,"E",TRUE,"F")} -> C | O41: =COUNTIFS($D$2:$D$721,D41,$E$2:$E$721,E41,$M$2:$M$721,">"&M41)+1 -> 21
A42: STU014 | B42: Uchenna Ogundipe | C42: Male | D42: JSS1A | E42: Second Term | F42: 34 | G42: 61 | H42: 49 | I42: 57 | J42: 49 | K42: 62 | L42: =SUM(F42:K42) -> 312 | M42: =AVERAGE(F42:K42) -> 52 | N42: {=_xlfn.IFS(M42>=70,"A",M42>=60,"B",M42>=50,"C",M42>=45,"D",M42>=40,"E",TRUE,"F")} -> C | O42: =COUNTIFS($D$2:$D$721,D42,$E$2:$E$721,E42,$M$2:$M$721,">"&M42)+1 -> 33
A43: STU014 | B43: Uchenna Ogundipe | C43: Male | D43: JSS1A | E43: Third Term | F43: 48 | G43: 53 | H43: 50 | I43: 63 | J43: 64 | K43: 64 | L43: =SUM(F43:K43) -> 342 | M43: =AVERAGE(F43:K43) -> 57 | N43: {=_xlfn.IFS(M43>=70,"A",M43>=60,"B",M43>=50,"C",M43>=45,"D",M43>=40,"E",TRUE,"F")} -> C | O43: =COUNTIFS($D$2:$D$721,D43,$E$2:$E$721,E43,$M$2:$M$721,">"&M43)+1 -> 29
A44: STU015 | B44: David Oladipo | C44: Male | D44: JSS1A | E44: First Term | F44: 71 | G44: 50 | H44: 49 | I44: 50 | J44: 61 | K44: 55 | L44: =SUM(F44:K44) -> 336 | M44: =AVERAGE(F44:K44) -> 56 | N44: {=_xlfn.IFS(M44>=70,"A",M44>=60,"B",M44>=50,"C",M44>=45,"D",M44>=40,"E",TRUE,"F")} -> C | O44: =COUNTIFS($D$2:$D$721,D44,$E$2:$E$721,E44,$M$2:$M$721,">"&M44)+1 -> 25
A45: STU015 | B45: David Oladipo | C45: Male | D45: JSS1A | E45: Second Term | F45: 33 | G45: 49 | H45: 56 | I45: 68 | J45: 51 | K45: 59 | L45: =SUM(F45:K45) -> 316 | M45: =AVERAGE(F45:K45) -> 52.666667 | N45: {=_xlfn.IFS(M45>=70,"A",M45>=60,"B",M45>=50,"C",M45>=45,"D",M45>=40,"E",TRUE,"F")} -> C | O45: =COUNTIFS($D$2:$D$721,D45,$E$2:$E$721,E45,$M$2:$M$721,">"&M45)+1 -> 31
A46: STU015 | B46: David Oladipo | C46: Male | D46: JSS1A | E46: Third Term | F46: 55 | G46: 56 | H46: 63 | I46: 65 | J46: 68 | K46: 62 | L46: =SUM(F46:K46) -> 369 | M46: =AVERAGE(F46:K46) -> 61.5 | N46: {=_xlfn.IFS(M46>=70,"A",M46>=60,"B",M46>=50,"C",M46>=45,"D",M46>=40,"E",TRUE,"F")} -> B | O46: =COUNTIFS($D$2:$D$721,D46,$E$2:$E$721,E46,$M$2:$M$721,">"&M46)+1 -> 24
... A74: STU025 | B74: Adaeze Suleiman | C74: Female | D74: JSS1A | E74: Third Term | F74: 55 | G74: 66 | H74: 63 | I74: 64 | J74: 74 | K74: 69 | L74: =SUM(F74:K74) -> 391 | M74: =AVERAGE(F74:K74) -> 65.166667 | N74: {=_xlfn.IFS(M74>=70,"A",M74>=60,"B",M74>=50,"C",M74>=45,"D",M74>=40,"E",TRUE,"F")} -> B | O74: =COUNTIFS($D$2:$D$721,D74,$E$2:$E$721,E74,$M$2:$M$721,">"&M74)+1 -> 19
A75: STU025 | B75: Adaeze Suleiman | C75: Female | D75: JSS1A | E75: First Term | F75: 45 | G75: 61 | I75: 66 | J75: 61 | K75: 67 | L75: =SUM(F75:K75) -> 300 | M75: =AVERAGE(F75:K75) -> 60 | N75: {=_xlfn.IFS(M75>=70,"A",M75>=60,"B",M75>=50,"C",M75>=45,"D",M75>=40,"E",TRUE,"F")} -> B | O75: =COUNTIFS($D$2:$D$721,D75,$E$2:$E$721,E75,$M$2:$M$721,">"&M75)+1 -> 20
A76: STU025 | B76: Adaeze Suleiman | C76: Female | D76: JSS1A | E76: Second Term | F76: 54 | G76: 54 | H76: 67 | I76: 62 | J76: 76 | K76: 73 | L76: =SUM(F76:K76) -> 386 | M76: =AVERAGE(F76:K76) -> 64.333333 | N76: {=_xlfn.IFS(M76>=70,"A",M76>=60,"B",M76>=50,"C",M76>=45,"D",M76>=40,"E",TRUE,"F")} -> B | O76: =COUNTIFS($D$2:$D$721,D76,$E$2:$E$721,E76,$M$2:$M$721,">"&M76)+1 -> 19
A77: STU026 | B77: Grace Akinola | C77: Female | D77: JSS1A | E77: Third Term | F77: 63 | G77: 75 | H77: 61 | I77: 55 | J77: 64 | K77: 73 | L77: =SUM(F77:K77) -> 391 | M77: =AVERAGE(F77:K77) -> 65.166667 | N77: {=_xlfn.IFS(M77>=70,"A",M77>=60,"B",M77>=50,"C",M77>=45,"D",M77>=40,"E",TRUE,"F")} -> B | O77: =COUNTIFS($D$2:$D$721,D77,$E$2:$E$721,E77,$M$2:$M$721,">"&M77)+1 -> 19
A78: STU026 | B78: Grace Akinola | C78: Female | D78: JSS1A | E78: First Term | F78: 66 | G78: 67 | H78: 52 | I78: 63 | J78: 63 | K78: 56 | L78: =SUM(F78:K78) -> 367 | M78: =AVERAGE(F78:K78) -> 61.166667 | N78: {=_xlfn.IFS(M78>=70,"A",M78>=60,"B",M78>=50,"C",M78>=45,"D",M78>=40,"E",TRUE,"F")} -> B | O78: =COUNTIFS($D$2:$D$721,D78,$E$2:$E$721,E78,$M$2:$M$721,">"&M78)+1 -> 16
A79: STU026 | B79: Grace Akinola | C79: Female | D79: JSS1A | E79: Second Term | F79: 62 | G79: 68 | H79: 66 | I79: 61 | J79: 73 | K79: 66 | L79: =SUM(F79:K79) -> 396 | M79: =AVERAGE(F79:K79) -> 66 | N79: {=_xlfn.IFS(M79>=70,"A",M79>=60,"B",M79>=50,"C",M79>=45,"D",M79>=40,"E",TRUE,"F")} -> B | O79: =COUNTIFS($D$2:$D$721,D79,$E$2:$E$721,E79,$M$2:$M$721,">"&M79)+1 -> 15
A80: STU027 | B80: Patience Umar | C80: Female | D80: JSS1A | E80: First Term | F80: 46 | G80: 35 | H80: 40 | I80: 48 | J80: 50 | K80: 56 | L80: =SUM(F80:K80) -> 275 | M80: =AVERAGE(F80:K80) -> 45.833333 | N80: {=_xlfn.IFS(M80>=70,"A",M80>=60,"B",M80>=50,"C",M80>=45,"D",M80>=40,"E",TRUE,"F")} -> D | O80: =COUNTIFS($D$2:$D$721,D80,$E$2:$E$721,E80,$M$2:$M$721,">"&M80)+1 -> 38
A81: STU027 | B81: Patience Umar | C81: Female | D81: JSS1A | E81: Second Term | F81: 31 | G81: 41 | H81: 49 | I81: 50 | J81: 51 | K81: 58 | L81: =SUM(F81:K81) -> 280 | M81: =AVERAGE(F81:K81) -> 46.666667 | N81: {=_xlfn.IFS(M81>=70,"A",M81>=60,"B",M81>=50,"C",M81>=45,"D",M81>=40,"E",TRUE,"F")} -> D | O81: =COUNTIFS($D$2:$D$721,D81,$E$2:$E$721,E81,$M$2:$M$721,">"&M81)+1 -> 38
A82: STU027 | B82: Patience Umar | C82: Female | D82: JSS1A | E82: Third Term | F82: 40 | G82: 49 | H82: 41 | I82: 38 | J82: 40 | K82: 51 | L82: =SUM(F82:K82) -> 259 | M82: =AVERAGE(F82:K82) -> 43.166667 | N82: {=_xlfn.IFS(M82>=70,"A",M82>=60,"B",M82>=50,"C",M82>=45,"D",M82>=40,"E",TRUE,"F")} -> E | O82: =COUNTIFS($D$2:$D$721,D82,$E$2:$E$721,E82,$M$2:$M$721,">"&M82)+1 -> 39
A83: STU028 | B83: Chioma Agu | C83: Female | D83: JSS1A | E83: Third Term | F83: 59 | G83: 61 | H83: 65 | I83: 59 | J83: 68 | K83: 68 | L83: =SUM(F83:K83) -> 380 | M83: =AVERAGE(F83:K83) -> 63.333333 | N83: {=_xlfn.IFS(M83>=70,"A",M83>=60,"B",M83>=50,"C",M83>=45,"D",M83>=40,"E",TRUE,"F")} -> B | O83: =COUNTIFS($D$2:$D$721,D83,$E$2:$E$721,E83,$M$2:$M$721,">"&M83)+1 -> 22
A84: STU028 | B84: Chioma Agu | C84: Female | D84: JSS1A | E84: First Term | F84: 47 | G84: 50 | H84: 55 | I84: 51 | J84: 59 | K84: 60 | L84: =SUM(F84:K84) -> 322 | M84: =AVERAGE(F84:K84) -> 53.666667 | N84: {=_xlfn.IFS(M84>=70,"A",M84>=60,"B",M84>=50,"C",M84>=45,"D",M84>=40,"E",TRUE,"F")} -> C | O84: =COUNTIFS($D$2:$D$721,D84,$E$2:$E$721,E84,$M$2:$M$721,">"&M84)+1 -> 28
A85: STU028 | B85: Chioma Agu | C85: Female | D85: JSS1A | E85: Second Term | F85: 47 | G85: 42 | H85: 67 | I85: 64 | J85: 44 | K85: 62 | L85: =SUM(F85:K85) -> 326 | M85: =AVERAGE(F85:K85) -> 54.333333 | N85: {=_xlfn.IFS(M85>=70,"A",M85>=60,"B",M85>=50,"C",M85>=45,"D",M85>=40,"E",TRUE,"F")} -> C | O85: =COUNTIFS($D$2:$D$721,D85,$E$2:$E$721,E85,$M$2:$M$721,">"&M85)+1 -> 28
A86: STU029 | B86: Ngozi Adewale | C86: Female | D86: JSS1A | E86: Third Term | F86: 56 | G86: 77 | H86: 78 | I86: 79 | J86: 81 | K86: 67 | L86: =SUM(F86:K86) -> 438 | M86: =AVERAGE(F86:K86) -> 73 | N86: {=_xlfn.IFS(M86>=70,"A",M86>=60,"B",M86>=50,"C",M86>=45,"D",M86>=40,"E",TRUE,"F")} -> A | O86: =COUNTIFS($D$2:$D$721,D86,$E$2:$E$721,E86,$M$2:$M$721,">"&M86)+1 -> 7
A87: STU029 | B87: Ngozi Adewale | C87: Female | D87: JSS1A | E87: First Term | F87: 60 | G87: 66 | H87: 66 | I87: 77 | J87: 67 | K87: 70 | L87: =SUM(F87:K87) -> 406 | M87: =AVERAGE(F87:K87) -> 67.666667 | N87: {=_xlfn.IFS(M87>=70,"A",M87>=60,"B",M87>=50,"C",M87>=45,"D",M87>=40,"E",TRUE,"F")} -> B | O87: =COUNTIFS($D$2:$D$721,D87,$E$2:$E$721,E87,$M$2:$M$721,">"&M87)+1 -> 11
... A136: STU045 | B136: Ebere Ogunleye | C136: Female | D136: JSS1B | E136: Third Term | F136: 57 | G136: 76 | H136: 69 | I136: 64 | J136: 79 | K136: 83 | L136: =SUM(F136:K136) -> 428 | M136: =AVERAGE(F136:K136) -> 71.333333 | N136: {=_xlfn.IFS(M136>=70,"A",M136>=60,"B",M136>=50,"C",M136>=45,"D",M136>=40,"E",TRUE,"F")} -> A | O136: =COUNTIFS($D$2:$D$721,D136,$E$2:$E$721,E136,$M$2:$M$721,">"&M136)+1 -> 9
A137: STU046 | B137: Damilola Yakubu | C137: Female | D137: JSS1B | E137: Third Term | F137: 68 | H137: 79 | I137: 76 | J137: 74 | K137: 91 | L137: =SUM(F137:K137) -> 388 | M137: =AVERAGE(F137:K137) -> 77.6 | N137: {=_xlfn.IFS(M137>=70,"A",M137>=60,"B",M137>=50,"C",M137>=45,"D",M137>=40,"E",TRUE,"F")} -> A | O137: =COUNTIFS($D$2:$D$721,D137,$E$2:$E$721,E137,$M$2:$M$721,">"&M137)+1 -> 5
A138: STU046 | B138: Damilola Yakubu | C138: Female | D138: JSS1B | E138: First Term | F138: 70 | G138: 71 | H138: 64 | I138: 75 | J138: 78 | K138: 75 | L138: =SUM(F138:K138) -> 433 | M138: =AVERAGE(F138:K138) -> 72.166667 | N138: {=_xlfn.IFS(M138>=70,"A",M138>=60,"B",M138>=50,"C",M138>=45,"D",M138>=40,"E",TRUE,"F")} -> A | O138: =COUNTIFS($D$2:$D$721,D138,$E$2:$E$721,E138,$M$2:$M$721,">"&M138)+1 -> 2
A139: STU046 | B139: Damilola Yakubu | C139: Female | D139: JSS1B | E139: Second Term | F139: 72 | G139: 76 | H139: 74 | I139: 63 | J139: 86 | K139: 92 | L139: =SUM(F139:K139) -> 463 | M139: =AVERAGE(F139:K139) -> 77.166667 | N139: {=_xlfn.IFS(M139>=70,"A",M139>=60,"B",M139>=50,"C",M139>=45,"D",M139>=40,"E",TRUE,"F")} -> A | O139: =COUNTIFS($D$2:$D$721,D139,$E$2:$E$721,E139,$M$2:$M$721,">"&M139)+1 -> 4
A140: STU047 | B140: Tunde Abubakar | C140: Male | D140: JSS1B | E140: First Term | F140: 37 | G140: 58 | H140: 42 | I140: 66 | J140: 60 | K140: 57 | L140: =SUM(F140:K140) -> 320 | M140: =AVERAGE(F140:K140) -> 53.333333 | N140: {=_xlfn.IFS(M140>=70,"A",M140>=60,"B",M140>=50,"C",M140>=45,"D",M140>=40,"E",TRUE,"F")} -> C | O140: =COUNTIFS($D$2:$D$721,D140,$E$2:$E$721,E140,$M$2:$M$721,">"&M140)+1 -> 30
A141: STU047 | B141: Tunde Abubakar | C141: Male | D141: JSS1B | E141: Second Term | F141: 47 | G141: 56 | H141: 56 | I141: 61 | J141: 60 | K141: 55 | L141: =SUM(F141:K141) -> 335 | M141: =AVERAGE(F141:K141) -> 55.833333 | N141: {=_xlfn.IFS(M141>=70,"A",M141>=60,"B",M141>=50,"C",M141>=45,"D",M141>=40,"E",TRUE,"F")} -> C | O141: =COUNTIFS($D$2:$D$721,D141,$E$2:$E$721,E141,$M$2:$M$721,">"&M141)+1 -> 26
A142: STU047 | B142: Tunde Abubakar | C142: Male | D142: JSS1B | E142: Third Term | F142: 51 | G142: 43 | H142: 57 | I142: 61 | J142: 66 | K142: 54 | L142: =SUM(F142:K142) -> 332 | M142: =AVERAGE(F142:K142) -> 55.333333 | N142: {=_xlfn.IFS(M142>=70,"A",M142>=60,"B",M142>=50,"C",M142>=45,"D",M142>=40,"E",TRUE,"F")} -> C | O142: =COUNTIFS($D$2:$D$721,D142,$E$2:$E$721,E142,$M$2:$M$721,">"&M142)+1 -> 30
A143: STU048 | B143: Musa Salami | C143: Male | D143: JSS1B | E143: First Term | F143: 57 | G143: 68 | H143: 62 | I143: 62 | J143: 68 | K143: 69 | L143: =SUM(F143:K143) -> 386 | M143: =AVERAGE(F143:K143) -> 64.333333 | N143: {=_xlfn.IFS(M143>=70,"A",M143>=60,"B",M143>=50,"C",M143>=45,"D",M143>=40,"E",TRUE,"F")} -> B | O143: =COUNTIFS($D$2:$D$721,D143,$E$2:$E$721,E143,$M$2:$M$721,">"&M143)+1 -> 15
A144: STU048 | B144: Musa Salami | C144: Male | D144: JSS1B | E144: Second Term | F144: 65 | G144: 60 | H144: 65 | I144: 69 | J144: 74 | K144: 70 | L144: =SUM(F144:K144) -> 403 | M144: =AVERAGE(F144:K144) -> 67.166667 | N144: {=_xlfn.IFS(M144>=70,"A",M144>=60,"B",M144>=50,"C",M144>=45,"D",M144>=40,"E",TRUE,"F")} -> B | O144: =COUNTIFS($D$2:$D$721,D144,$E$2:$E$721,E144,$M$2:$M$721,">"&M144)+1 -> 15
A145: STU048 | B145: Musa Salami | C145: Male | D145: JSS1B | E145: Third Term | F145: 62 | G145: 66 | H145: 65 | I145: 70 | J145: 68 | K145: 92 | L145: =SUM(F145:K145) -> 423 | M145: =AVERAGE(F145:K145) -> 70.5 | N145: {=_xlfn.IFS(M145>=70,"A",M145>=60,"B",M145>=50,"C",M145>=45,"D",M145>=40,"E",TRUE,"F")} -> A | O145: =COUNTIFS($D$2:$D$721,D145,$E$2:$E$721,E145,$M$2:$M$721,">"&M145)+1 -> 10
A146: STU049 | B146: Samuel Abubakar | C146: Male | D146: JSS1B | E146: First Term | F146: 41 | G146: 45 | H146: 45 | I146: 51 | J146: 57 | K146: 69 | L146: =SUM(F146:K146) -> 308 | M146: =AVERAGE(F146:K146) -> 51.333333 | N146: {=_xlfn.IFS(M146>=70,"A",M146>=60,"B",M146>=50,"C",M146>=45,"D",M146>=40,"E",TRUE,"F")} -> C | O146: =COUNTIFS($D$2:$D$721,D146,$E$2:$E$721,E146,$M$2:$M$721,">"&M146)+1 -> 34
A147: STU049 | B147: Samuel Abubakar | C147: Male | D147: JSS1B | E147: Second Term | F147: 61 | G147: 57 | H147: 36 | I147: 61 | J147: 50 | K147: 58 | L147: =SUM(F147:K147) -> 323 | M147: =AVERAGE(F147:K147) -> 53.833333 | N147: {=_xlfn.IFS(M147>=70,"A",M147>=60,"B",M147>=50,"C",M147>=45,"D",M147>=40,"E",TRUE,"F")} -> C | O147: =COUNTIFS($D$2:$D$721,D147,$E$2:$E$721,E147,$M$2:$M$721,">"&M147)+1 -> 31
A148: STU049 | B148: Samuel Abubakar | C148: Male | D148: JSS1B | E148: Third Term | F148: 43 | G148: 60 | H148: 51 | I148: 66 | J148: 65 | K148: 61 | L148: =SUM(F148:K148) -> 346 | M148: =AVERAGE(F148:K148) -> 57.666667 | N148: {=_xlfn.IFS(M148>=70,"A",M148>=60,"B",M148>=50,"C",M148>=45,"D",M148>=40,"E",TRUE,"F")} -> C | O148: =COUNTIFS($D$2:$D$721,D148,$E$2:$E$721,E148,$M$2:$M$721,">"&M148)+1 -> 26
A149: STU050 | B149: Omolara Anyanwu | C149: Female | D149: JSS1B | E149: First Term | F149: 44 | G149: 56 | H149: 45 | I149: 59 | J149: 53 | K149: 57 | L149: =SUM(F149:K149) -> 314 | M149: =AVERAGE(F149:K149) -> 52.333333 | N149: {=_xlfn.IFS(M149>=70,"A",M149>=60,"B",M149>=50,"C",M149>=45,"D",M149>=40,"E",TRUE,"F")} -> C | O149: =COUNTIFS($D$2:$D$721,D149,$E$2:$E$721,E149,$M$2:$M$721,">"&M149)+1 -> 33
... A193: STU064 | B193: Adaeze Bakare | C193: Female | D193: JSS1B | E193: Second Term | F193: 72 | G193: 72 | H193: 71 | I193: 75 | J193: 85 | K193: 98 | L193: =SUM(F193:K193) -> 473 | M193: =AVERAGE(F193:K193) -> 78.833333 | N193: {=_xlfn.IFS(M193>=70,"A",M193>=60,"B",M193>=50,"C",M193>=45,"D",M193>=40,"E",TRUE,"F")} -> A | O193: =COUNTIFS($D$2:$D$721,D193,$E$2:$E$721,E193,$M$2:$M$721,">"&M193)+1 -> 3
A194: STU065 | B194: Comfort Oyewole | C194: Female | D194: JSS1B | E194: First Term | F194: 37 | G194: 67 | J194: 49 | K194: 48 | L194: =SUM(F194:K194) -> 201 | M194: =AVERAGE(F194:K194) -> 50.25 | N194: {=_xlfn.IFS(M194>=70,"A",M194>=60,"B",M194>=50,"C",M194>=45,"D",M194>=40,"E",TRUE,"F")} -> C | O194: =COUNTIFS($D$2:$D$721,D194,$E$2:$E$721,E194,$M$2:$M$721,">"&M194)+1 -> 36
A195: STU065 | B195: Comfort Oyewole | C195: Female | D195: JSS1B | E195: Second Term | F195: 39 | G195: 43 | H195: 50 | I195: 58 | J195: 45 | K195: 46 | L195: =SUM(F195:K195) -> 281 | M195: =AVERAGE(F195:K195) -> 46.833333 | N195: {=_xlfn.IFS(M195>=70,"A",M195>=60,"B",M195>=50,"C",M195>=45,"D",M195>=40,"E",TRUE,"F")} -> D | O195: =COUNTIFS($D$2:$D$721,D195,$E$2:$E$721,E195,$M$2:$M$721,">"&M195)+1 -> 39
A196: STU065 | B196: Comfort Oyewole | C196: Female | D196: JSS1B | E196: Third Term | F196: 59 | G196: 43 | H196: 56 | I196: 59 | J196: 49 | K196: 64 | L196: =SUM(F196:K196) -> 330 | M196: =AVERAGE(F196:K196) -> 55 | N196: {=_xlfn.IFS(M196>=70,"A",M196>=60,"B",M196>=50,"C",M196>=45,"D",M196>=40,"E",TRUE,"F")} -> C | O196: =COUNTIFS($D$2:$D$721,D196,$E$2:$E$721,E196,$M$2:$M$721,">"&M196)+1 -> 31
A197: STU066 | B197: Ruth Nwankwo | C197: Female | D197: JSS1B | E197: Third Term | F197: 57 | G197: 60 | H197: 50 | I197: 45 | J197: 64 | K197: 72 | L197: =SUM(F197:K197) -> 348 | M197: =AVERAGE(F197:K197) -> 58 | N197: {=_xlfn.IFS(M197>=70,"A",M197>=60,"B",M197>=50,"C",M197>=45,"D",M197>=40,"E",TRUE,"F")} -> C | O197: =COUNTIFS($D$2:$D$721,D197,$E$2:$E$721,E197,$M$2:$M$721,">"&M197)+1 -> 25
A198: STU066 | B198: Ruth Nwankwo | C198: Female | D198: JSS1B | E198: First Term | F198: 41 | G198: 47 | H198: 43 | I198: 64 | J198: 56 | K198: 68 | L198: =SUM(F198:K198) -> 319 | M198: =AVERAGE(F198:K198) -> 53.166667 | N198: {=_xlfn.IFS(M198>=70,"A",M198>=60,"B",M198>=50,"C",M198>=45,"D",M198>=40,"E",TRUE,"F")} -> C | O198: =COUNTIFS($D$2:$D$721,D198,$E$2:$E$721,E198,$M$2:$M$721,">"&M198)+1 -> 31
A199: STU066 | B199: Ruth Nwankwo | C199: Female | D199: JSS1B | E199: Second Term | F199: 43 | G199: 59 | H199: 63 | I199: 57 | J199: 51 | K199: 58 | L199: =SUM(F199:K199) -> 331 | M199: =AVERAGE(F199:K199) -> 55.166667 | N199: {=_xlfn.IFS(M199>=70,"A",M199>=60,"B",M199>=50,"C",M199>=45,"D",M199>=40,"E",TRUE,"F")} -> C | O199: =COUNTIFS($D$2:$D$721,D199,$E$2:$E$721,E199,$M$2:$M$721,">"&M199)+1 -> 28
A200: STU067 | B200: Khadija Idowu | C200: Female | D200: JSS1B | E200: First Term | F200: 48 | G200: 45 | H200: 39 | I200: 40 | J200: 42 | K200: 37 | L200: =SUM(F200:K200) -> 251 | M200: =AVERAGE(F200:K200) -> 41.833333 | N200: {=_xlfn.IFS(M200>=70,"A",M200>=60,"B",M200>=50,"C",M200>=45,"D",M200>=40,"E",TRUE,"F")} -> E | O200: =COUNTIFS($D$2:$D$721,D200,$E$2:$E$721,E200,$M$2:$M$721,">"&M200)+1 -> 39
A201: STU067 | B201: Khadija Idowu | C201: Female | D201: JSS1B | E201: Second Term | F201: 55 | G201: 46 | H201: 61 | I201: 49 | J201: 39 | K201: 65 | L201: =SUM(F201:K201) -> 315 | M201: =AVERAGE(F201:K201) -> 52.5 | N201: {=_xlfn.IFS(M201>=70,"A",M201>=60,"B",M201>=50,"C",M201>=45,"D",M201>=40,"E",TRUE,"F")} -> C | O201: =COUNTIFS($D$2:$D$721,D201,$E$2:$E$721,E201,$M$2:$M$721,">"&M201)+1 -> 32
A202: STU067 | B202: Khadija Idowu | C202: Female | D202: JSS1B | E202: Third Term | F202: 38 | G202: 47 | H202: 60 | I202: 63 | J202: 40 | K202: 56 | L202: =SUM(F202:K202) -> 304 | M202: =AVERAGE(F202:K202) -> 50.666667 | N202: {=_xlfn.IFS(M202>=70,"A",M202>=60,"B",M202>=50,"C",M202>=45,"D",M202>=40,"E",TRUE,"F")} -> C | O202: =COUNTIFS($D$2:$D$721,D202,$E$2:$E$721,E202,$M$2:$M$721,">"&M202)+1 -> 36
A203: STU068 | B203: Samuel Bakare | C203: Male | D203: JSS1B | E203: Third Term | F203: 53 | G203: 70 | H203: 55 | I203: 70 | J203: 70 | K203: 69 | L203: =SUM(F203:K203) -> 387 | M203: =AVERAGE(F203:K203) -> 64.5 | N203: {=_xlfn.IFS(M203>=70,"A",M203>=60,"B",M203>=50,"C",M203>=45,"D",M203>=40,"E",TRUE,"F")} -> B | O203: =COUNTIFS($D$2:$D$721,D203,$E$2:$E$721,E203,$M$2:$M$721,">"&M203)+1 -> 19
A204: STU068 | B204: Samuel Bakare | C204: Male | D204: JSS1B | E204: First Term | F204: 53 | G204: 70 | H204: 77 | I204: 66 | J204: 81 | K204: 66 | L204: =SUM(F204:K204) -> 413 | M204: =AVERAGE(F204:K204) -> 68.833333 | N204: {=_xlfn.IFS(M204>=70,"A",M204>=60,"B",M204>=50,"C",M204>=45,"D",M204>=40,"E",TRUE,"F")} -> B | O204: =COUNTIFS($D$2:$D$721,D204,$E$2:$E$721,E204,$M$2:$M$721,">"&M204)+1 -> 5
A205: STU068 | B205: Samuel Bakare | C205: Male | D205: JSS1B | E205: Second Term | F205: 76 | G205: 61 | H205: 61 | I205: 71 | J205: 61 | K205: 83 | L205: =SUM(F205:K205) -> 413 | M205: =AVERAGE(F205:K205) -> 68.833333 | N205: {=_xlfn.IFS(M205>=70,"A",M205>=60,"B",M205>=50,"C",M205>=45,"D",M205>=40,"E",TRUE,"F")} -> B | O205: =COUNTIFS($D$2:$D$721,D205,$E$2:$E$721,E205,$M$2:$M$721,">"&M205)+1 -> 10
A206: STU069 | B206: Khadija Suleiman | C206: Female | D206: JSS1B | E206: Third Term | F206: 53 | G206: 56 | H206: 59 | I206: 50 | J206: 64 | K206: 62 | L206: =SUM(F206:K206) -> 344 | M206: =AVERAGE(F206:K206) -> 57.333333 | N206: {=_xlfn.IFS(M206>=70,"A",M206>=60,"B",M206>=50,"C",M206>=45,"D",M206>=40,"E",TRUE,"F")} -> C | O206: =COUNTIFS($D$2:$D$721,D206,$E$2:$E$721,E206,$M$2:$M$721,">"&M206)+1 -> 27
... A251: STU084 | B251: Omolara Oyewole | C251: Female | D251: JSS2A | E251: First Term | F251: 79 | G251: 82 | H251: 59 | I251: 64 | J251: 75 | K251: 80 | L251: =SUM(F251:K251) -> 439 | M251: =AVERAGE(F251:K251) -> 73.166667 | N251: {=_xlfn.IFS(M251>=70,"A",M251>=60,"B",M251>=50,"C",M251>=45,"D",M251>=40,"E",TRUE,"F")} -> A | O251: =COUNTIFS($D$2:$D$721,D251,$E$2:$E$721,E251,$M$2:$M$721,">"&M251)+1 -> 8
A252: STU084 | B252: Omolara Oyewole | C252: Female | D252: JSS2A | E252: Second Term | F252: 66 | G252: 88 | I252: 88 | J252: 74 | K252: 73 | L252: =SUM(F252:K252) -> 389 | M252: =AVERAGE(F252:K252) -> 77.8 | N252: {=_xlfn.IFS(M252>=70,"A",M252>=60,"B",M252>=50,"C",M252>=45,"D",M252>=40,"E",TRUE,"F")} -> A | O252: =COUNTIFS($D$2:$D$721,D252,$E$2:$E$721,E252,$M$2:$M$721,">"&M252)+1 -> 8
A253: STU084 | B253: Omolara Oyewole | C253: Female | D253: JSS2A | E253: Third Term | F253: 62 | G253: 75 | H253: 65 | I253: 74 | J253: 77 | K253: 88 | L253: =SUM(F253:K253) -> 441 | M253: =AVERAGE(F253:K253) -> 73.5 | N253: {=_xlfn.IFS(M253>=70,"A",M253>=60,"B",M253>=50,"C",M253>=45,"D",M253>=40,"E",TRUE,"F")} -> A | O253: =COUNTIFS($D$2:$D$721,D253,$E$2:$E$721,E253,$M$2:$M$721,">"&M253)+1 -> 14
A254: STU085 | B254: Femi Uzor | C254: Male | D254: JSS2A | E254: First Term | F254: 75 | G254: 75 | H254: 80 | I254: 89 | J254: 93 | K254: 84 | L254: =SUM(F254:K254) -> 496 | M254: =AVERAGE(F254:K254) -> 82.666667 | N254: {=_xlfn.IFS(M254>=70,"A",M254>=60,"B",M254>=50,"C",M254>=45,"D",M254>=40,"E",TRUE,"F")} -> A | O254: =COUNTIFS($D$2:$D$721,D254,$E$2:$E$721,E254,$M$2:$M$721,">"&M254)+1 -> 3
A255: STU085 | B255: Femi Uzor | C255: Male | D255: JSS2A | E255: Second Term | F255: 79 | G255: 90 | H255: 82 | I255: 85 | J255: 81 | K255: 82 | L255: =SUM(F255:K255) -> 499 | M255: =AVERAGE(F255:K255) -> 83.166667 | N255: {=_xlfn.IFS(M255>=70,"A",M255>=60,"B",M255>=50,"C",M255>=45,"D",M255>=40,"E",TRUE,"F")} -> A | O255: =COUNTIFS($D$2:$D$721,D255,$E$2:$E$721,E255,$M$2:$M$721,">"&M255)+1 -> 4
A256: STU085 | B256: Femi Uzor | C256: Male | D256: JSS2A | E256: Third Term | F256: 55 | G256: 80 | H256: 71 | I256: 80 | J256: 83 | K256: 76 | L256: =SUM(F256:K256) -> 445 | M256: =AVERAGE(F256:K256) -> 74.166667 | N256: {=_xlfn.IFS(M256>=70,"A",M256>=60,"B",M256>=50,"C",M256>=45,"D",M256>=40,"E",TRUE,"F")} -> A | O256: =COUNTIFS($D$2:$D$721,D256,$E$2:$E$721,E256,$M$2:$M$721,">"&M256)+1 -> 12
A257: STU086 | B257: John Ojo | C257: Male | D257: JSS2A | E257: First Term | F257: 52 | G257: 52 | H257: 59 | I257: 55 | J257: 57 | K257: 55 | L257: =SUM(F257:K257) -> 330 | M257: =AVERAGE(F257:K257) -> 55 | N257: {=_xlfn.IFS(M257>=70,"A",M257>=60,"B",M257>=50,"C",M257>=45,"D",M257>=40,"E",TRUE,"F")} -> C | O257: =COUNTIFS($D$2:$D$721,D257,$E$2:$E$721,E257,$M$2:$M$721,">"&M257)+1 -> 28
A258: STU086 | B258: John Ojo | C258: Male | D258: JSS2A | E258: Second Term | F258: 60 | G258: 41 | H258: 50 | I258: 57 | J258: 49 | K258: 56 | L258: =SUM(F258:K258) -> 313 | M258: =AVERAGE(F258:K258) -> 52.166667 | N258: {=_xlfn.IFS(M258>=70,"A",M258>=60,"B",M258>=50,"C",M258>=45,"D",M258>=40,"E",TRUE,"F")} -> C | O258: =COUNTIFS($D$2:$D$721,D258,$E$2:$E$721,E258,$M$2:$M$721,">"&M258)+1 -> 34
A259: STU086 | B259: John Ojo | C259: Male | D259: JSS2A | E259: Third Term | F259: 40 | G259: 62 | H259: 49 | I259: 67 | J259: 63 | K259: 61 | L259: =SUM(F259:K259) -> 342 | M259: =AVERAGE(F259:K259) -> 57 | N259: {=_xlfn.IFS(M259>=70,"A",M259>=60,"B",M259>=50,"C",M259>=45,"D",M259>=40,"E",TRUE,"F")} -> C | O259: =COUNTIFS($D$2:$D$721,D259,$E$2:$E$721,E259,$M$2:$M$721,">"&M259)+1 -> 28
A260: STU087 | B260: Michael Amadi | C260: Male | D260: JSS2A | E260: Third Term | F260: 82 | G260: 97 | H260: 83 | I260: 98 | J260: 85 | K260: 97 | L260: =SUM(F260:K260) -> 542 | M260: =AVERAGE(F260:K260) -> 90.333333 | N260: {=_xlfn.IFS(M260>=70,"A",M260>=60,"B",M260>=50,"C",M260>=45,"D",M260>=40,"E",TRUE,"F")} -> A | O260: =COUNTIFS($D$2:$D$721,D260,$E$2:$E$721,E260,$M$2:$M$721,">"&M260)+1 -> 2
A261: STU087 | B261: Michael Amadi | C261: Male | D261: JSS2A | E261: First Term | F261: 72 | G261: 84 | H261: 89 | I261: 91 | J261: 98 | K261: 89 | L261: =SUM(F261:K261) -> 523 | M261: =AVERAGE(F261:K261) -> 87.166667 | N261: {=_xlfn.IFS(M261>=70,"A",M261>=60,"B",M261>=50,"C",M261>=45,"D",M261>=40,"E",TRUE,"F")} -> A | O261: =COUNTIFS($D$2:$D$721,D261,$E$2:$E$721,E261,$M$2:$M$721,">"&M261)+1 -> 1
A262: STU087 | B262: Michael Amadi | C262: Male | D262: JSS2A | E262: Second Term | F262: 95 | G262: 88 | H262: 82 | I262: 98 | J262: 98 | K262: 95 | L262: =SUM(F262:K262) -> 556 | M262: =AVERAGE(F262:K262) -> 92.666667 | N262: {=_xlfn.IFS(M262>=70,"A",M262>=60,"B",M262>=50,"C",M262>=45,"D",M262>=40,"E",TRUE,"F")} -> A | O262: =COUNTIFS($D$2:$D$721,D262,$E$2:$E$721,E262,$M$2:$M$721,">"&M262)+1 -> 1
...

Sheet Class Summary 
A1: CLASS | B1: TERM | C1: STUDENTS | D1: AVERAGE | E1: PASS RATE | G1: CLASS | H1: THIRD TERM PASS RATE
A2: JSS1A | B2: First Term | C2: =COUNTIFS('Cleaned Data'!$D$2:$D$721,A2,'Cleaned Data'!$E$2:$E$721,B2) -> 40 | D2: =AVERAGEIFS('Cleaned Data'!$M$2:$M$721,'Cleaned Data'!$D$2:$D$721,A2,'Cleaned Data'!$E$2:$E$721,B2) -> 60.008333 | E2: =IF(C2=0,0,COUNTIFS('Cleaned Data'!$D$2:$D$721,A2,'Cleaned Data'!$E$2:$E$721,B2,'Cleaned Data'!$M$2:$M$721,">=50")/C2) -> 0.775 | G2: JSS1A | H2: 0.9
A3: JSS1A | B3: Second Term | C3: =COUNTIFS('Cleaned Data'!$D$2:$D$721,A3,'Cleaned Data'!$E$2:$E$721,B3) -> 40 | D3: =AVERAGEIFS('Cleaned Data'!$M$2:$M$721,'Cleaned Data'!$D$2:$D$721,A3,'Cleaned Data'!$E$2:$E$721,B3) -> 61.95 | E3: =IF(C3=0,0,COUNTIFS('Cleaned Data'!$D$2:$D$721,A3,'Cleaned Data'!$E$2:$E$721,B3,'Cleaned Data'!$M$2:$M$721,">=50")/C3) -> 0.825 | G3: JSS1B | H3: 0.9
A4: JSS1A | B4: Third Term | C4: =COUNTIFS('Cleaned Data'!$D$2:$D$721,A4,'Cleaned Data'!$E$2:$E$721,B4) -> 40 | D4: =AVERAGEIFS('Cleaned Data'!$M$2:$M$721,'Cleaned Data'!$D$2:$D$721,A4,'Cleaned Data'!$E$2:$E$721,B4) -> 63.168333 | E4: =IF(C4=0,0,COUNTIFS('Cleaned Data'!$D$2:$D$721,A4,'Cleaned Data'!$E$2:$E$721,B4,'Cleaned Data'!$M$2:$M$721,">=50")/C4) -> 0.9 | G4: JSS2A | H4: 0.85 | M4: Average of AVERAGE | N4: Column Labels
A5: JSS1B | B5: First Term | C5: =COUNTIFS('Cleaned Data'!$D$2:$D$721,A5,'Cleaned Data'!$E$2:$E$721,B5) -> 40 | D5: =AVERAGEIFS('Cleaned Data'!$M$2:$M$721,'Cleaned Data'!$D$2:$D$721,A5,'Cleaned Data'!$E$2:$E$721,B5) -> 59.189583 | E5: =IF(C5=0,0,COUNTIFS('Cleaned Data'!$D$2:$D$721,A5,'Cleaned Data'!$E$2:$E$721,B5,'Cleaned Data'!$M$2:$M$721,">=50")/C5) -> 0.9 | G5: JSS2B | H5: 0.85 | M5: Row Labels | N5: First Term | O5: Second Term | P5: Third Term | Q5: Grand Total
A6: JSS1B | B6: Second Term | C6: =COUNTIFS('Cleaned Data'!$D$2:$D$721,A6,'Cleaned Data'!$E$2:$E$721,B6) -> 40 | D6: =AVERAGEIFS('Cleaned Data'!$M$2:$M$721,'Cleaned Data'!$D$2:$D$721,A6,'Cleaned Data'!$E$2:$E$721,B6) -> 61.691667 | E6: =IF(C6=0,0,COUNTIFS('Cleaned Data'!$D$2:$D$721,A6,'Cleaned Data'!$E$2:$E$721,B6,'Cleaned Data'!$M$2:$M$721,">=50")/C6) -> 0.9 | G6: JSS3A | H6: 0.8 | M6: JSS1A | N6: 60.008333 | O6: 61.95 | P6: 63.168333 | Q6: 61.708889
A7: JSS1B | B7: Third Term | C7: =COUNTIFS('Cleaned Data'!$D$2:$D$721,A7,'Cleaned Data'!$E$2:$E$721,B7) -> 40 | D7: =AVERAGEIFS('Cleaned Data'!$M$2:$M$721,'Cleaned Data'!$D$2:$D$721,A7,'Cleaned Data'!$E$2:$E$721,B7) -> 63.54 | E7: =IF(C7=0,0,COUNTIFS('Cleaned Data'!$D$2:$D$721,A7,'Cleaned Data'!$E$2:$E$721,B7,'Cleaned Data'!$M$2:$M$721,">=50")/C7) -> 0.9 | G7: JSS3B | H7: 0.9 | M7: JSS1B | N7: 59.189583 | O7: 61.691667 | P7: 63.54 | Q7: 61.47375
A8: JSS2A | B8: First Term | C8: =COUNTIFS('Cleaned Data'!$D$2:$D$721,A8,'Cleaned Data'!$E$2:$E$721,B8) -> 40 | D8: =AVERAGEIFS('Cleaned Data'!$M$2:$M$721,'Cleaned Data'!$D$2:$D$721,A8,'Cleaned Data'!$E$2:$E$721,B8) -> 61.479167 | E8: =IF(C8=0,0,COUNTIFS('Cleaned Data'!$D$2:$D$721,A8,'Cleaned Data'!$E$2:$E$721,B8,'Cleaned Data'!$M$2:$M$721,">=50")/C8) -> 0.775 | M8: JSS2A | N8: 61.479167 | O8: 64.299167 | P8: 65.5625 | Q8: 63.780278
A9: JSS2A | B9: Second Term | C9: =COUNTIFS('Cleaned Data'!$D$2:$D$721,A9,'Cleaned Data'!$E$2:$E$721,B9) -> 40 | D9: =AVERAGEIFS('Cleaned Data'!$M$2:$M$721,'Cleaned Data'!$D$2:$D$721,A9,'Cleaned Data'!$E$2:$E$721,B9) -> 64.299167 | E9: =IF(C9=0,0,COUNTIFS('Cleaned Data'!$D$2:$D$721,A9,'Cleaned Data'!$E$2:$E$721,B9,'Cleaned Data'!$M$2:$M$721,">=50")/C9) -> 0.875 | M9: JSS2B | N9: 61.579167 | O9: 63.541667 | P9: 64.925 | Q9: 63.348611
A10: JSS2A | B10: Third Term | C10: =COUNTIFS('Cleaned Data'!$D$2:$D$721,A10,'Cleaned Data'!$E$2:$E$721,B10) -> 40 | D10: =AVERAGEIFS('Cleaned Data'!$M$2:$M$721,'Cleaned Data'!$D$2:$D$721,A10,'Cleaned Data'!$E$2:$E$721,B10) -> 65.5625 | E10: =IF(C10=0,0,COUNTIFS('Cleaned Data'!$D$2:$D$721,A10,'Cleaned Data'!$E$2:$E$721,B10,'Cleaned Data'!$M$2:$M$721,">=50")/C10) -> 0.85 | M10: JSS3A | N10: 57.6625 | O10: 59.975 | P10: 62.65 | Q10: 60.095833
A11: JSS2B | B11: First Term | C11: =COUNTIFS('Cleaned Data'!$D$2:$D$721,A11,'Cleaned Data'!$E$2:$E$721,B11) -> 40 | D11: =AVERAGEIFS('Cleaned Data'!$M$2:$M$721,'Cleaned Data'!$D$2:$D$721,A11,'Cleaned Data'!$E$2:$E$721,B11) -> 61.579167 | E11: =IF(C11=0,0,COUNTIFS('Cleaned Data'!$D$2:$D$721,A11,'Cleaned Data'!$E$2:$E$721,B11,'Cleaned Data'!$M$2:$M$721,">=50")/C11) -> 0.825 | M11: JSS3B | N11: 60.675 | O11: 63.465833 | P11: 66.725 | Q11: 63.621944
A12: JSS2B | B12: Second Term | C12: =COUNTIFS('Cleaned Data'!$D$2:$D$721,A12,'Cleaned Data'!$E$2:$E$721,B12) -> 40 | D12: =AVERAGEIFS('Cleaned Data'!$M$2:$M$721,'Cleaned Data'!$D$2:$D$721,A12,'Cleaned Data'!$E$2:$E$721,B12) -> 63.541667 | E12: =IF(C12=0,0,COUNTIFS('Cleaned Data'!$D$2:$D$721,A12,'Cleaned Data'!$E$2:$E$721,B12,'Cleaned Data'!$M$2:$M$721,">=50")/C12) -> 0.875 | M12: Grand Total | N12: 60.098958 | O12: 62.487222 | P12: 64.428472 | Q12: 62.338218
A13: JSS2B | B13: Third Term | C13: =COUNTIFS('Cleaned Data'!$D$2:$D$721,A13,'Cleaned Data'!$E$2:$E$721,B13) -> 40 | D13: =AVERAGEIFS('Cleaned Data'!$M$2:$M$721,'Cleaned Data'!$D$2:$D$721,A13,'Cleaned Data'!$E$2:$E$721,B13) -> 64.925 | E13: =IF(C13=0,0,COUNTIFS('Cleaned Data'!$D$2:$D$721,A13,'Cleaned Data'!$E$2:$E$721,B13,'Cleaned Data'!$M$2:$M$721,">=50")/C13) -> 0.85
A14: JSS3A | B14: First Term | C14: =COUNTIFS('Cleaned Data'!$D$2:$D$721,A14,'Cleaned Data'!$E$2:$E$721,B14) -> 40 | D14: =AVERAGEIFS('Cleaned Data'!$M$2:$M$721,'Cleaned Data'!$D$2:$D$721,A14,'Cleaned Data'!$E$2:$E$721,B14) -> 57.6625 | E14: =IF(C14=0,0,COUNTIFS('Cleaned Data'!$D$2:$D$721,A14,'Cleaned Data'!$E$2:$E$721,B14,'Cleaned Data'!$M$2:$M$721,">=50")/C14) -> 0.75
A15: JSS3A | B15: Second Term | C15: =COUNTIFS('Cleaned Data'!$D$2:$D$721,A15,'Cleaned Data'!$E$2:$E$721,B15) -> 40 | D15: =AVERAGEIFS('Cleaned Data'!$M$2:$M$721,'Cleaned Data'!$D$2:$D$721,A15,'Cleaned Data'!$E$2:$E$721,B15) -> 59.975 | E15: =IF(C15=0,0,COUNTIFS('Cleaned Data'!$D$2:$D$721,A15,'Cleaned Data'!$E$2:$E$721,B15,'Cleaned Data'!$M$2:$M$721,">=50")/C15) -> 0.825
A16: JSS3A | B16: Third Term | C16: =COUNTIFS('Cleaned Data'!$D$2:$D$721,A16,'Cleaned Data'!$E$2:$E$721,B16) -> 40 | D16: =AVERAGEIFS('Cleaned Data'!$M$2:$M$721,'Cleaned Data'!$D$2:$D$721,A16,'Cleaned Data'!$E$2:$E$721,B16) -> 62.65 | E16: =IF(C16=0,0,COUNTIFS('Cleaned Data'!$D$2:$D$721,A16,'Cleaned Data'!$E$2:$E$721,B16,'Cleaned Data'!$M$2:$M$721,">=50")/C16) -> 0.8
A17: JSS3B | B17: First Term | C17: =COUNTIFS('Cleaned Data'!$D$2:$D$721,A17,'Cleaned Data'!$E$2:$E$721,B17) -> 40 | D17: =AVERAGEIFS('Cleaned Data'!$M$2:$M$721,'Cleaned Data'!$D$2:$D$721,A17,'Cleaned Data'!$E$2:$E$721,B17) -> 60.675 | E17: =IF(C17=0,0,COUNTIFS('Cleaned Data'!$D$2:$D$721,A17,'Cleaned Data'!$E$2:$E$721,B17,'Cleaned Data'!$M$2:$M$721,">=50")/C17) -> 0.85
A18: JSS3B | B18: Second Term | C18: =COUNTIFS('Cleaned Data'!$D$2:$D$721,A18,'Cleaned Data'!$E$2:$E$721,B18) -> 40 | D18: =AVERAGEIFS('Cleaned Data'!$M$2:$M$721,'Cleaned Data'!$D$2:$D$721,A18,'Cleaned Data'!$E$2:$E$721,B18) -> 63.465833 | E18: =IF(C18=0,0,COUNTIFS('Cleaned Data'!$D$2:$D$721,A18,'Cleaned Data'!$E$2:$E$721,B18,'Cleaned Data'!$M$2:$M$721,">=50")/C18) -> 0.9
A19: JSS3B | B19: Third Term | C19: =COUNTIFS('Cleaned Data'!$D$2:$D$721,A19,'Cleaned Data'!$E$2:$E$721,B19) -> 40 | D19: =AVERAGEIFS('Cleaned Data'!$M$2:$M$721,'Cleaned Data'!$D$2:$D$721,A19,'Cleaned Data'!$E$2:$E$721,B19) -> 66.725 | E19: =IF(C19=0,0,COUNTIFS('Cleaned Data'!$D$2:$D$721,A19,'Cleaned Data'!$E$2:$E$721,B19,'Cleaned Data'!$M$2:$M$721,">=50")/C19) -> 0.9

Sheet Subjects
A1: SUBJECT | B1: ALL TERMS AVERAGE | C1: FIRST TERM | D1: SECOND TERM | E1: THIRD TERM
A2: MATHS | B2: =AVERAGE('Cleaned Data'!$F$2:$F$721) -> 55.414465 | C2: =AVERAGEIFS('Cleaned Data'!$F$2:$F$721,'Cleaned Data'!$E$2:$E$721,C$1) -> 53.175 | D2: =AVERAGEIFS('Cleaned Data'!$F$2:$F$721,'Cleaned Data'!$E$2:$E$721,D$1) -> 55.661088 | E2: =AVERAGEIFS('Cleaned Data'!$F$2:$F$721,'Cleaned Data'!$E$2:$E$721,E$1) -> 57.408333
A3: ENGLISH | B3: =AVERAGE('Cleaned Data'!$G$2:$G$721) -> 61.453911 | C3: =AVERAGEIFS('Cleaned Data'!$G$2:$G$721,'Cleaned Data'!$E$2:$E$721,C$1) -> 59.3125 | D3: =AVERAGEIFS('Cleaned Data'!$G$2:$G$721,'Cleaned Data'!$E$2:$E$721,D$1) -> 61.260504 | E3: =AVERAGEIFS('Cleaned Data'!$G$2:$G$721,'Cleaned Data'!$E$2:$E$721,E$1) -> 63.806723
A4: BASIC SCIENCE | B4: =AVERAGE('Cleaned Data'!$H$2:$H$721) -> 59.437151 | C4: =AVERAGEIFS('Cleaned Data'!$H$2:$H$721,'Cleaned Data'!$E$2:$E$721,C$1) -> 56.87395 | D4: =AVERAGEIFS('Cleaned Data'!$H$2:$H$721,'Cleaned Data'!$E$2:$E$721,D$1) -> 59.65272 | E4: =AVERAGEIFS('Cleaned Data'!$H$2:$H$721,'Cleaned Data'!$E$2:$E$721,E$1) -> 61.774059 | J4: Row Labels | K4: Sum of ALL TERMS AVERAGE
A5: SOCIAL STUDIES | B5: =AVERAGE('Cleaned Data'!$I$2:$I$721) -> 64.763561 | C5: =AVERAGEIFS('Cleaned Data'!$I$2:$I$721,'Cleaned Data'!$E$2:$E$721,C$1) -> 63.012552 | D5: =AVERAGEIFS('Cleaned Data'!$I$2:$I$721,'Cleaned Data'!$E$2:$E$721,D$1) -> 65.125 | E5: =AVERAGEIFS('Cleaned Data'!$I$2:$I$721,'Cleaned Data'!$E$2:$E$721,E$1) -> 66.145833 | J5: MATHS | K5: 55.414465
A6: COMPUTER SCIENCE | B6: =AVERAGE('Cleaned Data'!$J$2:$J$721) -> 65.607242 | C6: =AVERAGEIFS('Cleaned Data'!$J$2:$J$721,'Cleaned Data'!$E$2:$E$721,C$1) -> 63.302521 | D6: =AVERAGEIFS('Cleaned Data'!$J$2:$J$721,'Cleaned Data'!$E$2:$E$721,D$1) -> 65.433333 | E6: =AVERAGEIFS('Cleaned Data'!$J$2:$J$721,'Cleaned Data'!$E$2:$E$721,E$1) -> 68.066667 | J6: BASIC SCIENCE | K6: 59.437151
A7: CIVIC EDUCATION | B7: =AVERAGE('Cleaned Data'!$K$2:$K$721) -> 67.319444 | C7: =AVERAGEIFS('Cleaned Data'!$K$2:$K$721,'Cleaned Data'!$E$2:$E$721,C$1) -> 65.0375 | D7: =AVERAGEIFS('Cleaned Data'!$K$2:$K$721,'Cleaned Data'!$E$2:$E$721,D$1) -> 67.6125 | E7: =AVERAGEIFS('Cleaned Data'!$K$2:$K$721,'Cleaned Data'!$E$2:$E$721,E$1) -> 69.308333 | J7: ENGLISH | K7: 61.453911
J8: SOCIAL STUDIES | K8: 64.763561
J9: COMPUTER SCIENCE | K9: 65.607242
J10: CIVIC EDUCATION | K10: 67.319444
J11: Grand Total | K11: 373.99577
A14: Term | B14: Second Term
A16: Row Labels | B16: Average of Civic Education | C16: Average of Computer Studies | D16: Average of Basic Science | E16: Average of Social Studies | F16: Average of Maths | G16: Average of English
A17: JSS1A | B17: 66.375 | C17: 65.5 | D17: 59.1 | E17: 65.725 | F17: 53.525 | G17: 61.475
A18: Grand Total | B18: 66.375 | C18: 65.5 | D18: 59.1 | E18: 65.725 | F18: 53.525 | G18: 61.475

Sheet Improvement
A1: STUDENT ID | B1: STUDENT NAME | C1: FIRST TERM | D1: THIRD TERM | E1: CHANGE | F1: STATUS | H1: CLASS | I1: FIRST TERM | J1: THIRD TERM | K1: IMPROVEMENT
A2: STU001 | B2: =_xlfn.XLOOKUP(A2,'Cleaned Data'!$A$2:$A$721,'Cleaned Data'!$B$2:$B$721) -> John Danjuma | C2: =AVERAGEIFS('Cleaned Data'!$M$2:$M$721,'Cleaned Data'!$A$2:$A$721,A2,'Cleaned Data'!$E$2:$E$721,"First Term") -> 79 | D2: =AVERAGEIFS('Cleaned Data'!$M$2:$M$721,'Cleaned Data'!$A$2:$A$721,A2,'Cleaned Data'!$E$2:$E$721,"Third Term") -> 72.166667 | E2: =D2-C2 -> -6.8333333 | F2: =IF(E2>0,"Improved",IF(E2<0,"Dropped","Unchanged")) -> Dropped | H2: JSS1A | I2: =AVERAGEIFS('Cleaned Data'!$M$2:$M$721,'Cleaned Data'!$D$2:$D$721,H2,'Cleaned Data'!$E$2:$E$721,"First Term") -> 60.008333 | J2: =AVERAGEIFS('Cleaned Data'!$M$2:$M$721,'Cleaned Data'!$D$2:$D$721,H2,'Cleaned Data'!$E$2:$E$721,"Third Term") -> 63.168333 | K2: =J2-I2 -> 3.16
A3: STU002 | B3: =_xlfn.XLOOKUP(A3,'Cleaned Data'!$A$2:$A$721,'Cleaned Data'!$B$2:$B$721) -> Damilola Danjuma | C3: =AVERAGEIFS('Cleaned Data'!$M$2:$M$721,'Cleaned Data'!$A$2:$A$721,A3,'Cleaned Data'!$E$2:$E$721,"First Term") -> 47.166667 | D3: =AVERAGEIFS('Cleaned Data'!$M$2:$M$721,'Cleaned Data'!$A$2:$A$721,A3,'Cleaned Data'!$E$2:$E$721,"Third Term") -> 49 | E3: =D3-C3 -> 1.8333333 | F3: =IF(E3>0,"Improved",IF(E3<0,"Dropped","Unchanged")) -> Improved | H3: JSS1B | I3: =AVERAGEIFS('Cleaned Data'!$M$2:$M$721,'Cleaned Data'!$D$2:$D$721,H3,'Cleaned Data'!$E$2:$E$721,"First Term") -> 59.189583 | J3: =AVERAGEIFS('Cleaned Data'!$M$2:$M$721,'Cleaned Data'!$D$2:$D$721,H3,'Cleaned Data'!$E$2:$E$721,"Third Term") -> 63.54 | K3: =J3-I3 -> 4.3504167
A4: STU003 | B4: =_xlfn.XLOOKUP(A4,'Cleaned Data'!$A$2:$A$721,'Cleaned Data'!$B$2:$B$721) -> Khadija Johnson | C4: =AVERAGEIFS('Cleaned Data'!$M$2:$M$721,'Cleaned Data'!$A$2:$A$721,A4,'Cleaned Data'!$E$2:$E$721,"First Term") -> 70.5 | D4: =AVERAGEIFS('Cleaned Data'!$M$2:$M$721,'Cleaned Data'!$A$2:$A$721,A4,'Cleaned Data'!$E$2:$E$721,"Third Term") -> 59.833333 | E4: =D4-C4 -> -10.666667 | F4: =IF(E4>0,"Improved",IF(E4<0,"Dropped","Unchanged")) -> Dropped | H4: JSS2A | I4: =AVERAGEIFS('Cleaned Data'!$M$2:$M$721,'Cleaned Data'!$D$2:$D$721,H4,'Cleaned Data'!$E$2:$E$721,"First Term") -> 61.479167 | J4: =AVERAGEIFS('Cleaned Data'!$M$2:$M$721,'Cleaned Data'!$D$2:$D$721,H4,'Cleaned Data'!$E$2:$E$721,"Third Term") -> 65.5625 | K4: =J4-I4 -> 4.0833333
A5: STU004 | B5: =_xlfn.XLOOKUP(A5,'Cleaned Data'!$A$2:$A$721,'Cleaned Data'!$B$2:$B$721) -> Favour Yakubu | C5: =AVERAGEIFS('Cleaned Data'!$M$2:$M$721,'Cleaned Data'!$A$2:$A$721,A5,'Cleaned Data'!$E$2:$E$721,"First Term") -> 76.5 | D5: =AVERAGEIFS('Cleaned Data'!$M$2:$M$721,'Cleaned Data'!$A$2:$A$721,A5,'Cleaned Data'!$E$2:$E$721,"Third Term") -> 76.833333 | E5: =D5-C5 -> 0.33333333 | F5: =IF(E5>0,"Improved",IF(E5<0,"Dropped","Unchanged")) -> Improved | H5: JSS2B | I5: =AVERAGEIFS('Cleaned Data'!$M$2:$M$721,'Cleaned Data'!$D$2:$D$721,H5,'Cleaned Data'!$E$2:$E$721,"First Term") -> 61.579167 | J5: =AVERAGEIFS('Cleaned Data'!$M$2:$M$721,'Cleaned Data'!$D$2:$D$721,H5,'Cleaned Data'!$E$2:$E$721,"Third Term") -> 64.925 | K5: =J5-I5 -> 3.3458333
A6: STU005 | B6: =_xlfn.XLOOKUP(A6,'Cleaned Data'!$A$2:$A$721,'Cleaned Data'!$B$2:$B$721) -> Emeka Olawale | C6: =AVERAGEIFS('Cleaned Data'!$M$2:$M$721,'Cleaned Data'!$A$2:$A$721,A6,'Cleaned Data'!$E$2:$E$721,"First Term") -> 63.5 | D6: =AVERAGEIFS('Cleaned Data'!$M$2:$M$721,'Cleaned Data'!$A$2:$A$721,A6,'Cleaned Data'!$E$2:$E$721,"Third Term") -> 66.166667 | E6: =D6-C6 -> 2.6666667 | F6: =IF(E6>0,"Improved",IF(E6<0,"Dropped","Unchanged")) -> Improved | H6: JSS3A | I6: =AVERAGEIFS('Cleaned Data'!$M$2:$M$721,'Cleaned Data'!$D$2:$D$721,H6,'Cleaned Data'!$E$2:$E$721,"First Term") -> 57.6625 | J6: =AVERAGEIFS('Cleaned Data'!$M$2:$M$721,'Cleaned Data'!$D$2:$D$721,H6,'Cleaned Data'!$E$2:$E$721,"Third Term") -> 62.65 | K6: =J6-I6 -> 4.9875
A7: STU006 | B7: =_xlfn.XLOOKUP(A7,'Cleaned Data'!$A$2:$A$721,'Cleaned Data'!$B$2:$B$721) -> John Anyanwu | C7: =AVERAGEIFS('Cleaned Data'!$M$2:$M$721,'Cleaned Data'!$A$2:$A$721,A7,'Cleaned Data'!$E$2:$E$721,"First Term") -> 79 | D7: =AVERAGEIFS('Cleaned Data'!$M$2:$M$721,'Cleaned Data'!$A$2:$A$721,A7,'Cleaned Data'!$E$2:$E$721,"Third Term") -> 66.4 | E7: =D7-C7 -> -12.6 | F7: =IF(E7>0,"Improved",IF(E7<0,"Dropped","Unchanged")) -> Dropped | H7: JSS3B | I7: =AVERAGEIFS('Cleaned Data'!$M$2:$M$721,'Cleaned Data'!$D$2:$D$721,H7,'Cleaned Data'!$E$2:$E$721,"First Term") -> 60.675 | J7: =AVERAGEIFS('Cleaned Data'!$M$2:$M$721,'Cleaned Data'!$D$2:$D$721,H7,'Cleaned Data'!$E$2:$E$721,"Third Term") -> 66.725 | K7: =J7-I7 -> 6.05
A8: STU007 | B8: =_xlfn.XLOOKUP(A8,'Cleaned Data'!$A$2:$A$721,'Cleaned Data'!$B$2:$B$721) -> Zainab Ogunleye | C8: =AVERAGEIFS('Cleaned Data'!$M$2:$M$721,'Cleaned Data'!$A$2:$A$721,A8,'Cleaned Data'!$E$2:$E$721,"First Term") -> 52.833333 | D8: =AVERAGEIFS('Cleaned Data'!$M$2:$M$721,'Cleaned Data'!$A$2:$A$721,A8,'Cleaned Data'!$E$2:$E$721,"Third Term") -> 50.666667 | E8: =D8-C8 -> -2.1666667 | F8: =IF(E8>0,"Improved",IF(E8<0,"Dropped","Unchanged")) -> Dropped
A9: STU008 | B9: =_xlfn.XLOOKUP(A9,'Cleaned Data'!$A$2:$A$721,'Cleaned Data'!$B$2:$B$721) -> Obiageli Umar | C9: =AVERAGEIFS('Cleaned Data'!$M$2:$M$721,'Cleaned Data'!$A$2:$A$721,A9,'Cleaned Data'!$E$2:$E$721,"First Term") -> 73.5 | D9: =AVERAGEIFS('Cleaned Data'!$M$2:$M$721,'Cleaned Data'!$A$2:$A$721,A9,'Cleaned Data'!$E$2:$E$721,"Third Term") -> 67.833333 | E9: =D9-C9 -> -5.6666667 | F9: =IF(E9>0,"Improved",IF(E9<0,"Dropped","Unchanged")) -> Dropped
A10: STU009 | B10: =_xlfn.XLOOKUP(A10,'Cleaned Data'!$A$2:$A$721,'Cleaned Data'!$B$2:$B$721) -> Nkechi Adebayo | C10: =AVERAGEIFS('Cleaned Data'!$M$2:$M$721,'Cleaned Data'!$A$2:$A$721,A10,'Cleaned Data'!$E$2:$E$721,"First Term") -> 56.833333 | D10: =AVERAGEIFS('Cleaned Data'!$M$2:$M$721,'Cleaned Data'!$A$2:$A$721,A10,'Cleaned Data'!$E$2:$E$721,"Third Term") -> 54.333333 | E10: =D10-C10 -> -2.5 | F10: =IF(E10>0,"Improved",IF(E10<0,"Dropped","Unchanged")) -> Dropped
A11: STU010 | B11: =_xlfn.XLOOKUP(A11,'Cleaned Data'!$A$2:$A$721,'Cleaned Data'!$B$2:$B$721) -> Olumide Umar | C11: =AVERAGEIFS('Cleaned Data'!$M$2:$M$721,'Cleaned Data'!$A$2:$A$721,A11,'Cleaned Data'!$E$2:$E$721,"First Term") -> 54.166667 | D11: =AVERAGEIFS('Cleaned Data'!$M$2:$M$721,'Cleaned Data'!$A$2:$A$721,A11,'Cleaned Data'!$E$2:$E$721,"Third Term") -> 65.333333 | E11: =D11-C11 -> 11.166667 | F11: =IF(E11>0,"Improved",IF(E11<0,"Dropped","Unchanged")) -> Improved
A12: STU011 | B12: =_xlfn.XLOOKUP(A12,'Cleaned Data'!$A$2:$A$721,'Cleaned Data'!$B$2:$B$721) -> Daniel Onyeka | C12: =AVERAGEIFS('Cleaned Data'!$M$2:$M$721,'Cleaned Data'!$A$2:$A$721,A12,'Cleaned Data'!$E$2:$E$721,"First Term") -> 39.833333 | D12: =AVERAGEIFS('Cleaned Data'!$M$2:$M$721,'Cleaned Data'!$A$2:$A$721,A12,'Cleaned Data'!$E$2:$E$721,"Third Term") -> 60 | E12: =D12-C12 -> 20.166667 | F12: =IF(E12>0,"Improved",IF(E12<0,"Dropped","Unchanged")) -> Improved
A13: STU012 | B13: =_xlfn.XLOOKUP(A13,'Cleaned Data'!$A$2:$A$721,'Cleaned Data'!$B$2:$B$721) -> Daniel Kalu | C13: =AVERAGEIFS('Cleaned Data'!$M$2:$M$721,'Cleaned Data'!$A$2:$A$721,A13,'Cleaned Data'!$E$2:$E$721,"First Term") -> 70.166667 | D13: =AVERAGEIFS('Cleaned Data'!$M$2:$M$721,'Cleaned Data'!$A$2:$A$721,A13,'Cleaned Data'!$E$2:$E$721,"Third Term") -> 73.833333 | E13: =D13-C13 -> 3.6666667 | F13: =IF(E13>0,"Improved",IF(E13<0,"Dropped","Unchanged")) -> Improved
A14: STU013 | B14: =_xlfn.XLOOKUP(A14,'Cleaned Data'!$A$2:$A$721,'Cleaned Data'!$B$2:$B$721) -> Sani Adewale | C14: =AVERAGEIFS('Cleaned Data'!$M$2:$M$721,'Cleaned Data'!$A$2:$A$721,A14,'Cleaned Data'!$E$2:$E$721,"First Term") -> 69.833333 | D14: =AVERAGEIFS('Cleaned Data'!$M$2:$M$721,'Cleaned Data'!$A$2:$A$721,A14,'Cleaned Data'!$E$2:$E$721,"Third Term") -> 62.5 | E14: =D14-C14 -> -7.3333333 | F14: =IF(E14>0,"Improved",IF(E14<0,"Dropped","Unchanged")) -> Dropped
A15: STU014 | B15: =_xlfn.XLOOKUP(A15,'Cleaned Data'!$A$2:$A$721,'Cleaned Data'!$B$2:$B$721) -> Uchenna Ogundipe | C15: =AVERAGEIFS('Cleaned Data'!$M$2:$M$721,'Cleaned Data'!$A$2:$A$721,A15,'Cleaned Data'!$E$2:$E$721,"First Term") -> 59.166667 | D15: =AVERAGEIFS('Cleaned Data'!$M$2:$M$721,'Cleaned Data'!$A$2:$A$721,A15,'Cleaned Data'!$E$2:$E$721,"Third Term") -> 57 | E15: =D15-C15 -> -2.1666667 | F15: =IF(E15>0,"Improved",IF(E15<0,"Dropped","Unchanged")) -> Dropped
A16: STU015 | B16: =_xlfn.XLOOKUP(A16,'Cleaned Data'!$A$2:$A$721,'Cleaned Data'!$B$2:$B$721) -> David Oladipo | C16: =AVERAGEIFS('Cleaned Data'!$M$2:$M$721,'Cleaned Data'!$A$2:$A$721,A16,'Cleaned Data'!$E$2:$E$721,"First Term") -> 56 | D16: =AVERAGEIFS('Cleaned Data'!$M$2:$M$721,'Cleaned Data'!$A$2:$A$721,A16,'Cleaned Data'!$E$2:$E$721,"Third Term") -> 61.5 | E16: =D16-C16 -> 5.5 | F16: =IF(E16>0,"Improved",IF(E16<0,"Dropped","Unchanged")) -> Improved | H16: 1. Comfort Okonkwo
A17: STU016 | B17: =_xlfn.XLOOKUP(A17,'Cleaned Data'!$A$2:$A$721,'Cleaned Data'!$B$2:$B$721) -> Tayo Ogundipe | C17: =AVERAGEIFS('Cleaned Data'!$M$2:$M$721,'Cleaned Data'!$A$2:$A$721,A17,'Cleaned Data'!$E$2:$E$721,"First Term") -> 52.333333 | D17: =AVERAGEIFS('Cleaned Data'!$M$2:$M$721,'Cleaned Data'!$A$2:$A$721,A17,'Cleaned Data'!$E$2:$E$721,"Third Term") -> 50.833333 | E17: =D17-C17 -> -1.5 | F17: =IF(E17>0,"Improved",IF(E17<0,"Dropped","Unchanged")) -> Dropped | H17: 2. Daniel Nnadi
A18: STU017 | B18: =_xlfn.XLOOKUP(A18,'Cleaned Data'!$A$2:$A$721,'Cleaned Data'!$B$2:$B$721) -> Ngozi Agu | C18: =AVERAGEIFS('Cleaned Data'!$M$2:$M$721,'Cleaned Data'!$A$2:$A$721,A18,'Cleaned Data'!$E$2:$E$721,"First Term") -> 48.666667 | D18: =AVERAGEIFS('Cleaned Data'!$M$2:$M$721,'Cleaned Data'!$A$2:$A$721,A18,'Cleaned Data'!$E$2:$E$721,"Third Term") -> 46.333333 | E18: =D18-C18 -> -2.3333333 | F18: =IF(E18>0,"Improved",IF(E18<0,"Dropped","Unchanged")) -> Dropped | H18: 3.Ibrahim Nwosu
A19: STU018 | B19: =_xlfn.XLOOKUP(A19,'Cleaned Data'!$A$2:$A$721,'Cleaned Data'!$B$2:$B$721) -> Dayo Williams | C19: =AVERAGEIFS('Cleaned Data'!$M$2:$M$721,'Cleaned Data'!$A$2:$A$721,A19,'Cleaned Data'!$E$2:$E$721,"First Term") -> 47 | D19: =AVERAGEIFS('Cleaned Data'!$M$2:$M$721,'Cleaned Data'!$A$2:$A$721,A19,'Cleaned Data'!$E$2:$E$721,"Third Term") -> 54.333333 | E19: =D19-C19 -> 7.3333333 | F19: =IF(E19>0,"Improved",IF(E19<0,"Dropped","Unchanged")) -> Improved | H19: 4. Nnamdi Ibrahim
A20: STU019 | B20: =_xlfn.XLOOKUP(A20,'Cleaned Data'!$A$2:$A$721,'Cleaned Data'!$B$2:$B$721) -> Grace Olawale | C20: =AVERAGEIFS('Cleaned Data'!$M$2:$M$721,'Cleaned Data'!$A$2:$A$721,A20,'Cleaned Data'!$E$2:$E$721,"First Term") -> 47.333333 | D20: =AVERAGEIFS('Cleaned Data'!$M$2:$M$721,'Cleaned Data'!$A$2:$A$721,A20,'Cleaned Data'!$E$2:$E$721,"Third Term") -> 52.166667 | E20: =D20-C20 -> 4.8333333 | F20: =IF(E20>0,"Improved",IF(E20<0,"Dropped","Unchanged")) -> Improved | H20: 5. Musa Nwankwo
A21: STU020 | B21: =_xlfn.XLOOKUP(A21,'Cleaned Data'!$A$2:$A$721,'Cleaned Data'!$B$2:$B$721) -> Abdullah Akinola | C21: =AVERAGEIFS('Cleaned Data'!$M$2:$M$721,'Cleaned Data'!$A$2:$A$721,A21,'Cleaned Data'!$E$2:$E$721,"First Term") -> 76.5 | D21: =AVERAGEIFS('Cleaned Data'!$M$2:$M$721,'Cleaned Data'!$A$2:$A$721,A21,'Cleaned Data'!$E$2:$E$721,"Third Term") -> 88.833333 | E21: =D21-C21 -> 12.333333 | F21: =IF(E21>0,"Improved",IF(E21<0,"Dropped","Unchanged")) -> Improved
A22: STU021 | B22: =_xlfn.XLOOKUP(A22,'Cleaned Data'!$A$2:$A$721,'Cleaned Data'!$B$2:$B$721) -> John Ajayi | C22: =AVERAGEIFS('Cleaned Data'!$M$2:$M$721,'Cleaned Data'!$A$2:$A$721,A22,'Cleaned Data'!$E$2:$E$721,"First Term") -> 60.333333 | D22: =AVERAGEIFS('Cleaned Data'!$M$2:$M$721,'Cleaned Data'!$A$2:$A$721,A22,'Cleaned Data'!$E$2:$E$721,"Third Term") -> 59.666667 | E22: =D22-C22 -> -0.66666667 | F22: =IF(E22>0,"Improved",IF(E22<0,"Dropped","Unchanged")) -> Dropped
A23: STU022 | B23: =_xlfn.XLOOKUP(A23,'Cleaned Data'!$A$2:$A$721,'Cleaned Data'!$B$2:$B$721) -> Precious Bello | C23: =AVERAGEIFS('Cleaned Data'!$M$2:$M$721,'Cleaned Data'!$A$2:$A$721,A23,'Cleaned Data'!$E$2:$E$721,"First Term") -> 47 | D23: =AVERAGEIFS('Cleaned Data'!$M$2:$M$721,'Cleaned Data'!$A$2:$A$721,A23,'Cleaned Data'!$E$2:$E$721,"Third Term") -> 68.166667 | E23: =D23-C23 -> 21.166667 | F23: =IF(E23>0,"Improved",IF(E23<0,"Dropped","Unchanged")) -> Improved
A24: STU023 | B24: =_xlfn.XLOOKUP(A24,'Cleaned Data'!$A$2:$A$721,'Cleaned Data'!$B$2:$B$721) -> Aminu Kalu | C24: =AVERAGEIFS('Cleaned Data'!$M$2:$M$721,'Cleaned Data'!$A$2:$A$721,A24,'Cleaned Data'!$E$2:$E$721,"First Term") -> 61 | D24: =AVERAGEIFS('Cleaned Data'!$M$2:$M$721,'Cleaned Data'!$A$2:$A$721,A24,'Cleaned Data'!$E$2:$E$721,"Third Term") -> 54.5 | E24: =D24-C24 -> -6.5 | F24: =IF(E24>0,"Improved",IF(E24<0,"Dropped","Unchanged")) -> Dropped
A25: STU024 | B25: =_xlfn.XLOOKUP(A25,'Cleaned Data'!$A$2:$A$721,'Cleaned Data'!$B$2:$B$721) -> Comfort Okonkwo | C25: =AVERAGEIFS('Cleaned Data'!$M$2:$M$721,'Cleaned Data'!$A$2:$A$721,A25,'Cleaned Data'!$E$2:$E$721,"First Term") -> 55 | D25: =AVERAGEIFS('Cleaned Data'!$M$2:$M$721,'Cleaned Data'!$A$2:$A$721,A25,'Cleaned Data'!$E$2:$E$721,"Third Term") -> 84.5 | E25: =D25-C25 -> 29.5 | F25: =IF(E25>0,"Improved",IF(E25<0,"Dropped","Unchanged")) -> Improved | H25: =COUNTIF(F13:F252,"Improved") -> 164 | I25: Improved
A26: STU025 | B26: =_xlfn.XLOOKUP(A26,'Cleaned Data'!$A$2:$A$721,'Cleaned Data'!$B$2:$B$721) -> Adaeze Suleiman | C26: =AVERAGEIFS('Cleaned Data'!$M$2:$M$721,'Cleaned Data'!$A$2:$A$721,A26,'Cleaned Data'!$E$2:$E$721,"First Term") -> 60 | D26: =AVERAGEIFS('Cleaned Data'!$M$2:$M$721,'Cleaned Data'!$A$2:$A$721,A26,'Cleaned Data'!$E$2:$E$721,"Third Term") -> 65.166667 | E26: =D26-C26 -> 5.1666667 | F26: =IF(E26>0,"Improved",IF(E26<0,"Dropped","Unchanged")) -> Improved
A27: STU026 | B27: =_xlfn.XLOOKUP(A27,'Cleaned Data'!$A$2:$A$721,'Cleaned Data'!$B$2:$B$721) -> Grace Akinola | C27: =AVERAGEIFS('Cleaned Data'!$M$2:$M$721,'Cleaned Data'!$A$2:$A$721,A27,'Cleaned Data'!$E$2:$E$721,"First Term") -> 61.166667 | D27: =AVERAGEIFS('Cleaned Data'!$M$2:$M$721,'Cleaned Data'!$A$2:$A$721,A27,'Cleaned Data'!$E$2:$E$721,"Third Term") -> 65.166667 | E27: =D27-C27 -> 4 | F27: =IF(E27>0,"Improved",IF(E27<0,"Dropped","Unchanged")) -> Improved | H27: =COUNTIF(F13:F252,"Dropped") -> 63 | I27: Dropped
A28: STU027 | B28: =_xlfn.XLOOKUP(A28,'Cleaned Data'!$A$2:$A$721,'Cleaned Data'!$B$2:$B$721) -> Patience Umar | C28: =AVERAGEIFS('Cleaned Data'!$M$2:$M$721,'Cleaned Data'!$A$2:$A$721,A28,'Cleaned Data'!$E$2:$E$721,"First Term") -> 45.833333 | D28: =AVERAGEIFS('Cleaned Data'!$M$2:$M$721,'Cleaned Data'!$A$2:$A$721,A28,'Cleaned Data'!$E$2:$E$721,"Third Term") -> 43.166667 | E28: =D28-C28 -> -2.6666667 | F28: =IF(E28>0,"Improved",IF(E28<0,"Dropped","Unchanged")) -> Dropped
A29: STU028 | B29: =_xlfn.XLOOKUP(A29,'Cleaned Data'!$A$2:$A$721,'Cleaned Data'!$B$2:$B$721) -> Chioma Agu | C29: =AVERAGEIFS('Cleaned Data'!$M$2:$M$721,'Cleaned Data'!$A$2:$A$721,A29,'Cleaned Data'!$E$2:$E$721,"First Term") -> 53.666667 | D29: =AVERAGEIFS('Cleaned Data'!$M$2:$M$721,'Cleaned Data'!$A$2:$A$721,A29,'Cleaned Data'!$E$2:$E$721,"Third Term") -> 63.333333 | E29: =D29-C29 -> 9.6666667 | F29: =IF(E29>0,"Improved",IF(E29<0,"Dropped","Unchanged")) -> Improved | H29: =COUNTIF(F13:F252,"Unchanged") -> 2 | I29: Unchanged
A30: STU029 | B30: =_xlfn.XLOOKUP(A30,'Cleaned Data'!$A$2:$A$721,'Cleaned Data'!$B$2:$B$721) -> Ngozi Adewale | C30: =AVERAGEIFS('Cleaned Data'!$M$2:$M$721,'Cleaned Data'!$A$2:$A$721,A30,'Cleaned Data'!$E$2:$E$721,"First Term") -> 67.666667 | D30: =AVERAGEIFS('Cleaned Data'!$M$2:$M$721,'Cleaned Data'!$A$2:$A$721,A30,'Cleaned Data'!$E$2:$E$721,"Third Term") -> 73 | E30: =D30-C30 -> 5.3333333 | F30: =IF(E30>0,"Improved",IF(E30<0,"Dropped","Unchanged")) -> Improved
A31: STU030 | B31: =_xlfn.XLOOKUP(A31,'Cleaned Data'!$A$2:$A$721,'Cleaned Data'!$B$2:$B$721) -> Ebere Ogundipe | C31: =AVERAGEIFS('Cleaned Data'!$M$2:$M$721,'Cleaned Data'!$A$2:$A$721,A31,'Cleaned Data'!$E$2:$E$721,"First Term") -> 58.333333 | D31: =AVERAGEIFS('Cleaned Data'!$M$2:$M$721,'Cleaned Data'!$A$2:$A$721,A31,'Cleaned Data'!$E$2:$E$721,"Third Term") -> 68.333333 | E31: =D31-C31 -> 10 | F31: =IF(E31>0,"Improved",IF(E31<0,"Dropped","Unchanged")) -> Improved
A32: STU031 | B32: =_xlfn.XLOOKUP(A32,'Cleaned Data'!$A$2:$A$721,'Cleaned Data'!$B$2:$B$721) -> Stephen Mohammed | C32: =AVERAGEIFS('Cleaned Data'!$M$2:$M$721,'Cleaned Data'!$A$2:$A$721,A32,'Cleaned Data'!$E$2:$E$721,"First Term") -> 49.333333 | D32: =AVERAGEIFS('Cleaned Data'!$M$2:$M$721,'Cleaned Data'!$A$2:$A$721,A32,'Cleaned Data'!$E$2:$E$721,"Third Term") -> 66.333333 | E32: =D32-C32 -> 17 | F32: =IF(E32>0,"Improved",IF(E32<0,"Dropped","Unchanged")) -> Improved
A33: STU032 | B33: =_xlfn.XLOOKUP(A33,'Cleaned Data'!$A$2:$A$721,'Cleaned Data'!$B$2:$B$721) -> Dare Abubakar | C33: =AVERAGEIFS('Cleaned Data'!$M$2:$M$721,'Cleaned Data'!$A$2:$A$721,A33,'Cleaned Data'!$E$2:$E$721,"First Term") -> 62.833333 | D33: =AVERAGEIFS('Cleaned Data'!$M$2:$M$721,'Cleaned Data'!$A$2:$A$721,A33,'Cleaned Data'!$E$2:$E$721,"Third Term") -> 64.333333 | E33: =D33-C33 -> 1.5 | F33: =IF(E33>0,"Improved",IF(E33<0,"Dropped","Unchanged")) -> Improved
A34: STU033 | B34: =_xlfn.XLOOKUP(A34,'Cleaned Data'!$A$2:$A$721,'Cleaned Data'!$B$2:$B$721) -> Musa Oladipo | C34: =AVERAGEIFS('Cleaned Data'!$M$2:$M$721,'Cleaned Data'!$A$2:$A$721,A34,'Cleaned Data'!$E$2:$E$721,"First Term") -> 66.666667 | D34: =AVERAGEIFS('Cleaned Data'!$M$2:$M$721,'Cleaned Data'!$A$2:$A$721,A34,'Cleaned Data'!$E$2:$E$721,"Third Term") -> 68.666667 | E34: =D34-C34 -> 2 | F34: =IF(E34>0,"Improved",IF(E34<0,"Dropped","Unchanged")) -> Improved
A35: STU034 | B35: =_xlfn.XLOOKUP(A35,'Cleaned Data'!$A$2:$A$721,'Cleaned Data'!$B$2:$B$721) -> Segun Adeyemi | C35: =AVERAGEIFS('Cleaned Data'!$M$2:$M$721,'Cleaned Data'!$A$2:$A$721,A35,'Cleaned Data'!$E$2:$E$721,"First Term") -> 73.666667 | D35: =AVERAGEIFS('Cleaned Data'!$M$2:$M$721,'Cleaned Data'!$A$2:$A$721,A35,'Cleaned Data'!$E$2:$E$721,"Third Term") -> 85.833333 | E35: =D35-C35 -> 12.166667 | F35: =IF(E35>0,"Improved",IF(E35<0,"Dropped","Unchanged")) -> Improved
A36: STU035 | B36: =_xlfn.XLOOKUP(A36,'Cleaned Data'!$A$2:$A$721,'Cleaned Data'!$B$2:$B$721) -> Sani Nwankwo | C36: =AVERAGEIFS('Cleaned Data'!$M$2:$M$721,'Cleaned Data'!$A$2:$A$721,A36,'Cleaned Data'!$E$2:$E$721,"First Term") -> 84.666667 | D36: =AVERAGEIFS('Cleaned Data'!$M$2:$M$721,'Cleaned Data'!$A$2:$A$721,A36,'Cleaned Data'!$E$2:$E$721,"Third Term") -> 76.333333 | E36: =D36-C36 -> -8.3333333 | F36: =IF(E36>0,"Improved",IF(E36<0,"Dropped","Unchanged")) -> Dropped
A37: STU036 | B37: =_xlfn.XLOOKUP(A37,'Cleaned Data'!$A$2:$A$721,'Cleaned Data'!$B$2:$B$721) -> Kemi Danjuma | C37: =AVERAGEIFS('Cleaned Data'!$M$2:$M$721,'Cleaned Data'!$A$2:$A$721,A37,'Cleaned Data'!$E$2:$E$721,"First Term") -> 41.833333 | D37: =AVERAGEIFS('Cleaned Data'!$M$2:$M$721,'Cleaned Data'!$A$2:$A$721,A37,'Cleaned Data'!$E$2:$E$721,"Third Term") -> 38.5 | E37: =D37-C37 -> -3.3333333 | F37: =IF(E37>0,"Improved",IF(E37<0,"Dropped","Unchanged")) -> Dropped
A38: STU037 | B38: =_xlfn.XLOOKUP(A38,'Cleaned Data'!$A$2:$A$721,'Cleaned Data'!$B$2:$B$721) -> Grace Oladipo | C38: =AVERAGEIFS('Cleaned Data'!$M$2:$M$721,'Cleaned Data'!$A$2:$A$721,A38,'Cleaned Data'!$E$2:$E$721,"First Term") -> 60.5 | D38: =AVERAGEIFS('Cleaned Data'!$M$2:$M$721,'Cleaned Data'!$A$2:$A$721,A38,'Cleaned Data'!$E$2:$E$721,"Third Term") -> 68.166667 | E38: =D38-C38 -> 7.6666667 | F38: =IF(E38>0,"Improved",IF(E38<0,"Dropped","Unchanged")) -> Improved
A39: STU038 | B39: =_xlfn.XLOOKUP(A39,'Cleaned Data'!$A$2:$A$721,'Cleaned Data'!$B$2:$B$721) -> Damilola Aliyu | C39: =AVERAGEIFS('Cleaned Data'!$M$2:$M$721,'Cleaned Data'!$A$2:$A$721,A39,'Cleaned Data'!$E$2:$E$721,"First Term") -> 57.833333 | D39: =AVERAGEIFS('Cleaned Data'!$M$2:$M$721,'Cleaned Data'!$A$2:$A$721,A39,'Cleaned Data'!$E$2:$E$721,"Third Term") -> 50.5 | E39: =D39-C39 -> -7.3333333 | F39: =IF(E39>0,"Improved",IF(E39<0,"Dropped","Unchanged")) -> Dropped
A40: STU039 | B40: =_xlfn.XLOOKUP(A40,'Cleaned Data'!$A$2:$A$721,'Cleaned Data'!$B$2:$B$721) -> Babatunde Garba | C40: =AVERAGEIFS('Cleaned Data'!$M$2:$M$721,'Cleaned Data'!$A$2:$A$721,A40,'Cleaned Data'!$E$2:$E$721,"First Term") -> 50.833333 | D40: =AVERAGEIFS('Cleaned Data'!$M$2:$M$721,'Cleaned Data'!$A$2:$A$721,A40,'Cleaned Data'!$E$2:$E$721,"Third Term") -> 58.5 | E40: =D40-C40 -> 7.6666667 | F40: =IF(E40>0,"Improved",IF(E40<0,"Dropped","Unchanged")) -> Improved
A41: STU040 | B41: =_xlfn.XLOOKUP(A41,'Cleaned Data'!$A$2:$A$721,'Cleaned Data'!$B$2:$B$721) -> Omolara Kalu | C41: =AVERAGEIFS('Cleaned Data'!$M$2:$M$721,'Cleaned Data'!$A$2:$A$721,A41,'Cleaned Data'!$E$2:$E$721,"First Term") -> 62.333333 | D41: =AVERAGEIFS('Cleaned Data'!$M$2:$M$721,'Cleaned Data'!$A$2:$A$721,A41,'Cleaned Data'!$E$2:$E$721,"Third Term") -> 68.666667 | E41: =D41-C41 -> 6.3333333 | F41: =IF(E41>0,"Improved",IF(E41<0,"Dropped","Unchanged")) -> Improved
... A241: STU240 | B241: =_xlfn.XLOOKUP(A241,'Cleaned Data'!$A$2:$A$721,'Cleaned Data'!$B$2:$B$721) -> Precious Suleiman | C241: =AVERAGEIFS('Cleaned Data'!$M$2:$M$721,'Cleaned Data'!$A$2:$A$721,A241,'Cleaned Data'!$E$2:$E$721,"First Term") -> 62.166667 | D241: =AVERAGEIFS('Cleaned Data'!$M$2:$M$721,'Cleaned Data'!$A$2:$A$721,A241,'Cleaned Data'!$E$2:$E$721,"Third Term") -> 67.833333 | E241: =D241-C241 -> 5.6666667 | F241: =IF(E241>0,"Improved",IF(E241<0,"Dropped","Unchanged")) -> Improved

Sheet Risk
A1: STUDENT ID | B1: STUDENT NAME | C1: THIRD TERM AVERAGE
A2: STU002 | B2: Damilola Danjuma | C2: 49
A3: STU017 | B3: Ngozi Agu | C3: 46.333333
A4: STU027 | B4: Patience Umar | C4: 43.166667
A5: STU036 | B5: Kemi Danjuma | C5: 38.5
A6: STU053 | B6: Garba Adebayo | C6: 49.166667
A7: STU056 | B7: Esther Nnadi | C7: 48
A8: STU063 | B8: Oluwaseun Balogun | C8: 45
A9: STU076 | B9: Bello Eze | C9: 45.833333
A10: STU081 | B10: Folake Aliyu | C10: 48.666667
A11: STU103 | B11: Ngozi Olawale | C11: 33.833333
A12: STU104 | B12: Funmilayo Uzor | C12: 34.166667
A13: STU106 | B13: Mercy Ibrahim | C13: 49
... A33: STU239 | B33: Victoria Nnadi | C33: 28

Sheet Summary
